query.number,significant,p.value,term.size,query.size,overlap.size,recall,precision,term.id,domain,subgraph.number,term.name,relative.depth,intersection
1,TRUE,0.0157,26,350,6,0.017,0.231,GO:0046636,BP,17,negative regulation of alpha-beta T cell activation,1,"IL4R,SMAD7,BCL6,TNFSF4,ANXA1,XCL1"
1,TRUE,0.0363,18,350,5,0.014,0.278,GO:0046639,BP,17,negative regulation of alpha-beta T cell differentiation,2,"IL4R,SMAD7,BCL6,TNFSF4,ANXA1"
1,TRUE,0.00143,18,350,6,0.017,0.333,GO:2000515,BP,17,"negative regulation of CD4-positive, alpha-beta T cell activation",1,"IL4R,SMAD7,BCL6,TNFSF4,ANXA1,XCL1"
1,TRUE,0.0133,15,350,5,0.014,0.333,GO:0043371,BP,17,"negative regulation of CD4-positive, alpha-beta T cell differentiation",2,"IL4R,SMAD7,BCL6,TNFSF4,ANXA1"
1,TRUE,0.00901,14,350,5,0.014,0.357,GO:0045623,BP,17,negative regulation of T-helper cell differentiation,1,"IL4R,SMAD7,BCL6,TNFSF4,ANXA1"
1,TRUE,0.0282,834,350,34,0.097,0.041,GO:0051270,BP,29,regulation of cellular component movement,1,"CCAR1,MYLK,TGFBR3,MMP9,SMAD7,PF4V1,BST1,SPARC,BCL6,IL1R1,PADI2,SSX2IP,GPR18,DSC2,ANXA1,PRR5L,THBS1,ANXA3,XCL1,TMEFF2,DAB2,NRG1,CXCL5,P2RY12,CXCL8,PDGFD,F2R,NOG,TACSTD2,SEMA4A,PDGFA,ADGRG1,CCL5,CCL4"
1,TRUE,0.0377,61,350,8,0.023,0.131,GO:0002292,BP,30,T cell differentiation involved in immune response,1,"RORA,IL4R,SMAD7,BCL6,TNFSF4,ANXA1,CLEC4D,SEMA4A"
1,TRUE,1.75e-4,8541,350,205,0.586,0.024,GO:0050896,BP,3,response to stimulus,1,"ENPP4,TFPI,PDK4,MATK,MGST1,MMP25,TENM1,STAB1,ALOX5,KDM5D,ACPP,SLC11A1,SLAMF7,TIMP2,THRAP3,GUCY1B3,DGAT2,MYLK,CLEC2D,RORA,TGFBR3,RHOBTB1,TBX21,TXK,IL4R,HSPB11,ABCB1,GP6,IRAK3,NCF4,IL2RB,GZMB,MMP9,SAMHD1,SMAD7,WDR59,AQP9,EEF1D,SIGLEC5,NAMPT,CAV2,MED13,PF4V1,BST1,FOLR1,FOLR3,KLRB1,MAK,VNN1,SPARC,BCL6,TFDP2,USP9Y,CBLB,KLHL24,GNLY,IL1R2,IL1R1,AKT3,PADI2,SSX2IP,GBP1,TNFSF4,ARG1,TJP2,MLH3,CYSTM1,PI3,SLPI,SERPINB6,NQO2,GPR18,SGPP1,HIP1,IRF5,CDKN1C,NASP,KLRD1,SPX,DSC2,ANXA1,PRR5L,DYSF,IL1RN,FLOT1,CREBZF,CASP5,THBS1,DUSP5,MMRN1,PDE5A,ANXA3,KLRG1,MCTP2,SMAD4,PRKACB,ATP1B1,XCL1,S100A8,TMEFF2,GZMA,TRIM4,NFIB,TCF7L2,ADM,NCAM1,KLRF1,EPS8,ACSL1,NMT2,DAB2,SH3RF1,GBP5,ADAMTS1,MAP3K7CL,FBXO32,NRG1,AUTS2,ALAS2,CDA,GART,RGL4,PRMT2,ASGR2,ALPL,S100A9,S100A12,TGFA,PPM1L,CXCL5,S100P,GUCY1A3,CMBL,ERAP2,PAPD4,NFIL3,DACT1,IFI27,SPRED1,AVPR1A,CLEC4D,PTGDR,HNRNPH1,ADRB2,P2RY12,RNASE2,CXCL8,CLIC3,REPS2,TMED10,GPR27,PDGFD,FPR2,LRG1,MACROD2,SULT1B1,RNF213,NET1,TLR10,CHST2,SFN,YES1,CD163,HLA-DQB1,PRF1,TMEM64,S1PR5,F2R,LIMK2,MCEMP1,KLRC4,NOG,KREMEN1,TACSTD2,SOCS3,PTCH1,LRCH3,FCAR,INSIG1,LILRA5,TLR5,PEAR1,ARL4C,AKR1C3,SEMA4A,HLA-DQA1,DTHD1,PCBP2,SERPINA1,PDGFA,FCGR1B,SH2D1B,ND6,F5,PRMT6,CR1,HLA-F,ADGRG1,KLRC3,PLCXD2,HCAR3,HP,MGAM,CCL5,CCL4"
1,TRUE,2.03e-5,3746,350,113,0.323,0.03,GO:0006950,BP,3,response to stress,2,"ENPP4,TFPI,PDK4,MATK,MGST1,MMP25,STAB1,ALOX5,SLC11A1,SLAMF7,GUCY1B3,MYLK,RORA,TGFBR3,TXK,IL4R,ABCB1,GP6,IRAK3,NCF4,GZMB,MMP9,SAMHD1,SMAD7,WDR59,AQP9,PF4V1,BST1,FOLR1,VNN1,SPARC,BCL6,TFDP2,GNLY,IL1R2,IL1R1,GBP1,TNFSF4,ARG1,MLH3,SLPI,SERPINB6,IRF5,KLRD1,DSC2,ANXA1,PRR5L,DYSF,IL1RN,FLOT1,CASP5,THBS1,MMRN1,ANXA3,KLRG1,SMAD4,PRKACB,ATP1B1,XCL1,S100A8,TMEFF2,TRIM4,ADM,NCAM1,SH3RF1,GBP5,NRG1,ALAS2,S100A9,S100A12,TGFA,CXCL5,DACT1,SPRED1,AVPR1A,CLEC4D,PTGDR,ADRB2,P2RY12,CXCL8,PDGFD,FPR2,MACROD2,NET1,TLR10,CHST2,SFN,YES1,CD163,PRF1,F2R,KLRC4,NOG,SOCS3,INSIG1,LILRA5,TLR5,AKR1C3,HLA-DQA1,PCBP2,SERPINA1,PDGFA,FCGR1B,SH2D1B,ND6,F5,PRMT6,CR1,HLA-F,KLRC3,HP,CCL5,CCL4"
1,TRUE,7.83e-7,1571,350,65,0.186,0.041,GO:0006952,BP,3,defense response,3,"MATK,MMP25,STAB1,ALOX5,SLC11A1,SLAMF7,RORA,TXK,IL4R,IRAK3,GZMB,SAMHD1,PF4V1,BST1,VNN1,BCL6,GNLY,IL1R2,IL1R1,GBP1,TNFSF4,SLPI,IRF5,KLRD1,ANXA1,IL1RN,FLOT1,CASP5,THBS1,ANXA3,KLRG1,PRKACB,XCL1,S100A8,TRIM4,NCAM1,GBP5,S100A9,S100A12,CXCL5,CLEC4D,PTGDR,CXCL8,FPR2,TLR10,CHST2,YES1,CD163,PRF1,F2R,KLRC4,SOCS3,LILRA5,TLR5,HLA-DQA1,PCBP2,SERPINA1,FCGR1B,SH2D1B,CR1,HLA-F,KLRC3,HP,CCL5,CCL4"
1,TRUE,1.85e-5,732,350,38,0.109,0.052,GO:0006954,BP,3,inflammatory response,4,"MMP25,STAB1,ALOX5,SLC11A1,RORA,IL4R,PF4V1,BST1,VNN1,BCL6,IL1R2,IL1R1,TNFSF4,ANXA1,IL1RN,CASP5,THBS1,KLRG1,XCL1,S100A8,GBP5,S100A9,S100A12,CXCL5,PTGDR,CXCL8,FPR2,TLR10,CHST2,CD163,F2R,SOCS3,TLR5,SERPINA1,CR1,HP,CCL5,CCL4"
1,TRUE,0.0161,885,350,36,0.103,0.041,GO:0009607,BP,3,response to biotic stimulus,2,"TFPI,MGST1,STAB1,SLC11A1,TBX21,IL4R,IRAK3,SAMHD1,PF4V1,SPARC,GNLY,GBP1,TNFSF4,ARG1,PI3,SLPI,IRF5,CREBZF,ANXA3,XCL1,S100A8,ADM,ALPL,S100A9,S100A12,CXCL5,GUCY1A3,CLEC4D,CXCL8,PRF1,F2R,TLR5,PCBP2,HP,CCL5,CCL4"
1,TRUE,1.88e-4,2174,350,74,0.211,0.034,GO:0009605,BP,3,response to external stimulus,2,"ENPP4,TFPI,PDK4,MGST1,STAB1,SLC11A1,RORA,TBX21,TXK,IL4R,IRAK3,SAMHD1,WDR59,PF4V1,BST1,FOLR1,SPARC,BCL6,GNLY,IL1R2,IL1R1,PADI2,GBP1,TNFSF4,ARG1,PI3,SLPI,GPR18,IRF5,SPX,DSC2,ANXA1,CREBZF,CASP5,THBS1,ANXA3,SMAD4,XCL1,S100A8,NFIB,ADM,NCAM1,ACSL1,NMT2,GBP5,NRG1,AUTS2,ALPL,S100A9,S100A12,CXCL5,GUCY1A3,AVPR1A,CLEC4D,ADRB2,RNASE2,CXCL8,PDGFD,FPR2,TLR10,PRF1,F2R,NOG,SOCS3,PTCH1,TLR5,AKR1C3,PCBP2,PDGFA,F5,CR1,HP,CCL5,CCL4"
1,TRUE,0.00539,843,350,36,0.103,0.043,GO:0043207,BP,3,response to external biotic stimulus,3,"TFPI,MGST1,STAB1,SLC11A1,TBX21,IL4R,IRAK3,SAMHD1,PF4V1,SPARC,GNLY,GBP1,TNFSF4,ARG1,PI3,SLPI,IRF5,CREBZF,ANXA3,XCL1,S100A8,ADM,ALPL,S100A9,S100A12,CXCL5,GUCY1A3,CLEC4D,CXCL8,PRF1,F2R,TLR5,PCBP2,HP,CCL5,CCL4"
1,TRUE,0.00332,6234,350,156,0.446,0.025,GO:0051179,BP,3,localization,1,"ENPP4,MGST1,MMP25,TENM1,STAB1,ALOX5,ACPP,SLC38A5,SLC11A1,TIMP2,RAB27B,CCAR1,DGAT2,MYLK,TGFBR3,TBX21,IL4R,HSPB11,ABCB1,TMED2,GP6,GGA1,NCF4,GZMB,MMP9,SMAD7,AQP9,SIGLEC5,CAV2,MMD,PF4V1,BST1,FOLR1,FOLR3,LIN7A,MAK,VNN1,SPARC,BCL6,TFDP2,USP9Y,CBLB,KLHL24,GLS,IL1R2,IL1R1,PADI2,SSX2IP,GBP1,TNFSF4,ARG1,TJP2,MLH3,CYSTM1,PLA2G12A,SLPI,SERPINB6,GPR18,HIP1,STEAP4,LRRC6,RPS4Y1,NASP,SPX,DSC2,ANXA1,PRR5L,DYSF,IGF2BP3,IL1RN,YME1L1,KIF13A,FLOT1,SYTL2,CASP5,THBS1,RPS24,MMRN1,ANXA3,STON2,UQCRC2,VPS53,SMAD4,RPS11,ATP1B1,XCL1,S100A8,TMEFF2,GOLGA4,TCF7L2,ADM,EPS8,ACSL1,RABGAP1L,NMT2,DAB2,GBP5,NRG1,KCNJ15,CDA,ASGR2,S100A9,S100A12,TGFA,CXCL5,S100P,RHOBTB3,DACT1,ATP5C1,AVPR1A,CLEC4D,CA4,ADRB2,P2RY12,RNASE2,CXCL8,CLIC3,TMED10,GPR27,PDGFD,FPR2,LRG1,RPL38,MFSD4B,NET1,TLR10,SFN,YES1,CD163,PRF1,F2R,MCEMP1,NOG,TACSTD2,PTCH1,FCAR,INSIG1,TLR5,PEAR1,ARL4C,LOC400499,AKR1C3,SEMA4A,SLC22A4,SERPINA1,PDGFA,DNM3,FCGR1B,F5,CR1,ADGRG1,APOL6,HP,MGAM,CCL5,CCL4"
1,TRUE,0.00861,5166,350,133,0.38,0.026,GO:0051234,BP,3,establishment of localization,2,"ENPP4,MGST1,MMP25,TENM1,STAB1,ALOX5,ACPP,SLC38A5,SLC11A1,TIMP2,RAB27B,MYLK,IL4R,HSPB11,ABCB1,TMED2,GGA1,NCF4,GZMB,MMP9,AQP9,SIGLEC5,CAV2,BST1,FOLR1,FOLR3,LIN7A,MAK,VNN1,SPARC,BCL6,TFDP2,CBLB,KLHL24,GLS,IL1R2,PADI2,SSX2IP,GBP1,TNFSF4,ARG1,TJP2,CYSTM1,PLA2G12A,SLPI,SERPINB6,HIP1,STEAP4,RPS4Y1,NASP,SPX,ANXA1,PRR5L,DYSF,IGF2BP3,IL1RN,YME1L1,KIF13A,FLOT1,SYTL2,CASP5,THBS1,RPS24,MMRN1,ANXA3,STON2,UQCRC2,VPS53,SMAD4,RPS11,ATP1B1,XCL1,S100A8,GOLGA4,TCF7L2,ADM,ACSL1,RABGAP1L,NMT2,DAB2,GBP5,NRG1,KCNJ15,CDA,ASGR2,S100A9,S100A12,TGFA,S100P,RHOBTB3,DACT1,ATP5C1,AVPR1A,CLEC4D,CA4,ADRB2,P2RY12,RNASE2,CXCL8,CLIC3,TMED10,GPR27,FPR2,LRG1,RPL38,MFSD4B,TLR10,SFN,YES1,CD163,PRF1,F2R,MCEMP1,PTCH1,FCAR,INSIG1,TLR5,PEAR1,ARL4C,LOC400499,AKR1C3,SLC22A4,SERPINA1,PDGFA,DNM3,FCGR1B,F5,CR1,APOL6,HP,MGAM,CCL5,CCL4"
1,TRUE,0.00197,5035,350,133,0.38,0.026,GO:0006810,BP,3,transport,3,"ENPP4,MGST1,MMP25,TENM1,STAB1,ALOX5,ACPP,SLC38A5,SLC11A1,TIMP2,RAB27B,MYLK,IL4R,HSPB11,ABCB1,TMED2,GGA1,NCF4,GZMB,MMP9,AQP9,SIGLEC5,CAV2,BST1,FOLR1,FOLR3,LIN7A,MAK,VNN1,SPARC,BCL6,TFDP2,CBLB,KLHL24,GLS,IL1R2,PADI2,SSX2IP,GBP1,TNFSF4,ARG1,TJP2,CYSTM1,PLA2G12A,SLPI,SERPINB6,HIP1,STEAP4,RPS4Y1,NASP,SPX,ANXA1,PRR5L,DYSF,IGF2BP3,IL1RN,YME1L1,KIF13A,FLOT1,SYTL2,CASP5,THBS1,RPS24,MMRN1,ANXA3,STON2,UQCRC2,VPS53,SMAD4,RPS11,ATP1B1,XCL1,S100A8,GOLGA4,TCF7L2,ADM,ACSL1,RABGAP1L,NMT2,DAB2,GBP5,NRG1,KCNJ15,CDA,ASGR2,S100A9,S100A12,TGFA,S100P,RHOBTB3,DACT1,ATP5C1,AVPR1A,CLEC4D,CA4,ADRB2,P2RY12,RNASE2,CXCL8,CLIC3,TMED10,GPR27,FPR2,LRG1,RPL38,MFSD4B,TLR10,SFN,YES1,CD163,PRF1,F2R,MCEMP1,PTCH1,FCAR,INSIG1,TLR5,PEAR1,ARL4C,LOC400499,AKR1C3,SLC22A4,SERPINA1,PDGFA,DNM3,FCGR1B,F5,CR1,APOL6,HP,MGAM,CCL5,CCL4"
1,TRUE,3.15e-6,1935,350,73,0.209,0.038,GO:0016192,BP,3,vesicle-mediated transport,4,"ENPP4,MGST1,MMP25,STAB1,ALOX5,ACPP,SLC11A1,TIMP2,RAB27B,IL4R,TMED2,GGA1,NCF4,MMP9,SIGLEC5,CAV2,BST1,FOLR1,FOLR3,LIN7A,VNN1,SPARC,PADI2,ARG1,CYSTM1,SLPI,SERPINB6,HIP1,ANXA1,DYSF,KIF13A,FLOT1,SYTL2,THBS1,MMRN1,ANXA3,STON2,VPS53,S100A8,GOLGA4,ADM,RABGAP1L,DAB2,CDA,ASGR2,S100A9,S100A12,TGFA,S100P,RHOBTB3,CLEC4D,ADRB2,RNASE2,CXCL8,TMED10,FPR2,LRG1,YES1,CD163,MCEMP1,FCAR,INSIG1,PEAR1,ARL4C,SERPINA1,PDGFA,DNM3,FCGR1B,F5,CR1,HP,MGAM,CCL5"
1,TRUE,2.1e-12,2853,350,111,0.317,0.039,GO:0002376,BP,3,immune system process,1,"ENPP4,TMEM176A,MATK,MGST1,MMP25,TENM1,ALOX5,KDM5D,ACPP,SLC11A1,SLAMF7,TIMP2,CLEC2D,RORA,TGFBR3,TBX21,TXK,IL4R,GP6,IRAK3,NCF4,GZMB,MMP9,SAMHD1,SMAD7,AQP9,SIGLEC5,TMEM176B,PF4V1,BST1,FOLR3,KLRB1,VNN1,ZBTB24,BCL6,GNLY,IL1R2,IL1R1,PADI2,GBP1,TNFSF4,ARG1,TJP2,CYSTM1,PI3,SLPI,SERPINB6,GPR18,IRF5,CDKN1C,KLRD1,ANXA1,IL1RN,FLOT1,THBS1,RPS24,PDE5A,ANXA3,KLRG1,STON2,PRKACB,ATP1B1,XCL1,S100A8,MEIS1,GZMA,TRIM4,NCAM1,KLRF1,EPS8,GBP5,ALAS2,CDA,IKZF3,S100A9,S100A12,CXCL5,S100P,ERAP2,PAPD4,NFIL3,CLEC4D,P2RY12,RNASE2,CXCL8,PDGFD,FPR2,LRG1,TLR10,YES1,HLA-DQB1,PRF1,TMEM64,MCEMP1,SOCS3,FCAR,LILRA5,TLR5,SEMA4A,HLA-DQA1,PCBP2,SERPINA1,FCGR1B,SH2D1B,CR1,HLA-F,N4BP2L2,HP,MGAM,CCL5,CCL4"
1,TRUE,2.89e-7,1177,350,55,0.157,0.047,GO:0002252,BP,3,immune effector process,2,"ENPP4,MGST1,MMP25,ALOX5,KDM5D,ACPP,SLC11A1,SLAMF7,TIMP2,RORA,TBX21,IL4R,IRAK3,GZMB,MMP9,SAMHD1,SMAD7,SIGLEC5,BST1,FOLR3,VNN1,BCL6,PADI2,GBP1,TNFSF4,ARG1,CYSTM1,SLPI,SERPINB6,IRF5,KLRD1,ANXA1,ANXA3,XCL1,S100A8,CDA,S100A9,S100A12,CXCL5,S100P,CLEC4D,RNASE2,FPR2,LRG1,YES1,PRF1,MCEMP1,FCAR,SEMA4A,PCBP2,SERPINA1,SH2D1B,CR1,HP,MGAM"
1,TRUE,1.55e-7,829,350,45,0.129,0.054,GO:0002443,BP,3,leukocyte mediated immunity,3,"ENPP4,MGST1,MMP25,ALOX5,KDM5D,ACPP,SLC11A1,SLAMF7,TIMP2,TBX21,IL4R,GZMB,MMP9,SMAD7,SIGLEC5,BST1,FOLR3,VNN1,BCL6,PADI2,TNFSF4,ARG1,CYSTM1,SLPI,SERPINB6,KLRD1,ANXA3,XCL1,S100A8,CDA,S100A9,S100A12,CXCL5,S100P,CLEC4D,RNASE2,FPR2,LRG1,MCEMP1,FCAR,SERPINA1,SH2D1B,CR1,HP,MGAM"
1,TRUE,1.99e-7,537,350,35,0.1,0.065,GO:0002444,BP,3,myeloid leukocyte mediated immunity,4,"ENPP4,MGST1,MMP25,ALOX5,ACPP,SLC11A1,TIMP2,IL4R,MMP9,SIGLEC5,BST1,FOLR3,VNN1,PADI2,ARG1,CYSTM1,SLPI,SERPINB6,ANXA3,S100A8,CDA,S100A9,S100A12,CXCL5,S100P,CLEC4D,RNASE2,FPR2,LRG1,MCEMP1,FCAR,SERPINA1,CR1,HP,MGAM"
1,TRUE,8.29e-8,493,350,34,0.097,0.069,GO:0002446,BP,3,neutrophil mediated immunity,5,"ENPP4,MGST1,MMP25,ALOX5,ACPP,SLC11A1,TIMP2,MMP9,SIGLEC5,BST1,FOLR3,VNN1,PADI2,ARG1,CYSTM1,SLPI,SERPINB6,ANXA3,S100A8,CDA,S100A9,S100A12,CXCL5,S100P,CLEC4D,RNASE2,FPR2,LRG1,MCEMP1,FCAR,SERPINA1,CR1,HP,MGAM"
1,TRUE,5.82e-13,2037,350,91,0.26,0.045,GO:0006955,BP,3,immune response,2,"ENPP4,MATK,MGST1,MMP25,TENM1,ALOX5,KDM5D,ACPP,SLC11A1,SLAMF7,TIMP2,CLEC2D,RORA,TGFBR3,TBX21,TXK,IL4R,IRAK3,NCF4,GZMB,MMP9,SAMHD1,SMAD7,AQP9,SIGLEC5,PF4V1,BST1,FOLR3,KLRB1,VNN1,BCL6,GNLY,IL1R2,IL1R1,PADI2,GBP1,TNFSF4,ARG1,CYSTM1,PI3,SLPI,SERPINB6,IRF5,KLRD1,ANXA1,IL1RN,FLOT1,THBS1,ANXA3,KLRG1,PRKACB,XCL1,S100A8,GZMA,TRIM4,NCAM1,KLRF1,GBP5,CDA,S100A9,S100A12,CXCL5,S100P,ERAP2,NFIL3,CLEC4D,RNASE2,CXCL8,FPR2,LRG1,TLR10,YES1,HLA-DQB1,PRF1,MCEMP1,SOCS3,FCAR,LILRA5,TLR5,SEMA4A,HLA-DQA1,PCBP2,SERPINA1,FCGR1B,SH2D1B,CR1,HLA-F,HP,MGAM,CCL5,CCL4"
1,TRUE,0.00381,866,350,37,0.106,0.043,GO:0045087,BP,3,innate immune response,3,"MATK,SLC11A1,SLAMF7,TXK,IRAK3,GZMB,SAMHD1,VNN1,GBP1,SLPI,IRF5,KLRD1,ANXA1,FLOT1,KLRG1,PRKACB,XCL1,S100A8,TRIM4,NCAM1,GBP5,S100A9,S100A12,CLEC4D,TLR10,YES1,SOCS3,LILRA5,TLR5,HLA-DQA1,PCBP2,FCGR1B,SH2D1B,CR1,HLA-F,CCL5,CCL4"
1,TRUE,0.0106,458,350,24,0.069,0.052,GO:0050900,BP,3,leukocyte migration,2,"TBX21,GP6,MMP9,PF4V1,BST1,IL1R1,PADI2,GPR18,ANXA1,THBS1,ATP1B1,XCL1,S100A8,EPS8,S100A9,S100A12,CXCL5,P2RY12,CXCL8,PDGFD,FPR2,YES1,CCL5,CCL4"
1,TRUE,0.00155,171,350,15,0.043,0.088,GO:0097529,BP,3,myeloid leukocyte migration,3,"PF4V1,BST1,IL1R1,ANXA1,THBS1,XCL1,S100A8,S100A9,S100A12,CXCL5,P2RY12,CXCL8,PDGFD,CCL5,CCL4"
1,TRUE,8.66e-4,121,350,13,0.037,0.107,GO:0097530,BP,3,granulocyte migration,4,"PF4V1,BST1,IL1R1,ANXA1,THBS1,XCL1,S100A8,S100A9,S100A12,CXCL5,CXCL8,CCL5,CCL4"
1,TRUE,0.00453,98,350,11,0.031,0.112,GO:1990266,BP,3,neutrophil migration,5,"PF4V1,BST1,IL1R1,XCL1,S100A8,S100A9,S100A12,CXCL5,CXCL8,CCL5,CCL4"
1,TRUE,0.0381,195,350,14,0.04,0.072,GO:0030595,BP,3,leukocyte chemotaxis,3,"PF4V1,BST1,PADI2,GPR18,ANXA1,THBS1,XCL1,S100A8,S100A9,S100A12,CXCL5,CXCL8,CCL5,CCL4"
1,TRUE,0.00209,110,350,12,0.034,0.109,GO:0071621,BP,3,granulocyte chemotaxis,4,"PF4V1,BST1,ANXA1,THBS1,XCL1,S100A8,S100A9,S100A12,CXCL5,CXCL8,CCL5,CCL4"
1,TRUE,0.0148,90,350,10,0.029,0.111,GO:0030593,BP,3,neutrophil chemotaxis,5,"PF4V1,BST1,XCL1,S100A8,S100A9,S100A12,CXCL5,CXCL8,CCL5,CCL4"
1,TRUE,5.5e-4,3741,350,108,0.309,0.029,GO:0048583,BP,3,regulation of response to stimulus,1,"ENPP4,TENM1,KDM5D,ACPP,SLC11A1,SLAMF7,TIMP2,MYLK,CLEC2D,RORA,TGFBR3,RHOBTB1,TBX21,TXK,IL4R,ABCB1,IRAK3,GZMB,MMP9,SAMHD1,SMAD7,WDR59,EEF1D,CAV2,MED13,PF4V1,BST1,FOLR1,KLRB1,VNN1,BCL6,TFDP2,CBLB,KLHL24,IL1R2,IL1R1,AKT3,PADI2,SSX2IP,GBP1,TNFSF4,NQO2,GPR18,HIP1,CDKN1C,KLRD1,SPX,ANXA1,PRR5L,IL1RN,FLOT1,CASP5,THBS1,DUSP5,PDE5A,SMAD4,PRKACB,XCL1,S100A8,TCF7L2,ADM,KLRF1,EPS8,NMT2,DAB2,SH3RF1,GBP5,MAP3K7CL,FBXO32,NRG1,PRMT2,S100A9,S100A12,TGFA,CXCL5,DACT1,SPRED1,CLEC4D,ADRB2,CXCL8,GPR27,PDGFD,FPR2,LRG1,RNF213,NET1,TLR10,SFN,YES1,TMEM64,F2R,NOG,KREMEN1,SOCS3,PTCH1,TLR5,PEAR1,AKR1C3,HLA-DQA1,PCBP2,PDGFA,FCGR1B,SH2D1B,CR1,HLA-F,ADGRG1,CCL5,CCL4"
1,TRUE,0.0193,747,350,32,0.091,0.043,GO:0032101,BP,3,regulation of response to external stimulus,2,"ENPP4,RORA,TXK,PF4V1,BST1,BCL6,IL1R2,IL1R1,PADI2,TNFSF4,GPR18,SPX,ANXA1,CASP5,THBS1,XCL1,S100A8,NMT2,GBP5,S100A9,S100A12,CXCL5,CXCL8,PDGFD,TLR10,F2R,SOCS3,PCBP2,PDGFA,CR1,CCL5,CCL4"
1,TRUE,0.00554,2113,350,68,0.194,0.032,GO:0048584,BP,3,positive regulation of response to stimulus,2,"ENPP4,TENM1,ACPP,SLC11A1,TIMP2,MYLK,TGFBR3,TBX21,TXK,IL4R,IRAK3,GZMB,MMP9,WDR59,EEF1D,CAV2,PF4V1,TFDP2,IL1R1,AKT3,GBP1,TNFSF4,NQO2,GPR18,HIP1,CDKN1C,ANXA1,PRR5L,FLOT1,THBS1,DUSP5,PDE5A,SMAD4,PRKACB,XCL1,S100A8,TCF7L2,EPS8,DAB2,GBP5,MAP3K7CL,NRG1,S100A9,S100A12,TGFA,CXCL5,DACT1,SPRED1,CLEC4D,ADRB2,CXCL8,GPR27,PDGFD,FPR2,LRG1,TLR10,SFN,YES1,F2R,TLR5,AKR1C3,HLA-DQA1,PDGFA,SH2D1B,CR1,ADGRG1,CCL5,CCL4"
1,TRUE,7.2e-5,3285,350,101,0.289,0.031,GO:1902578,BP,3,single-organism localization,1,"ENPP4,MGST1,MMP25,ALOX5,ACPP,SLC38A5,SLC11A1,TIMP2,RAB27B,IL4R,HSPB11,ABCB1,TMED2,GZMB,MMP9,AQP9,SIGLEC5,BST1,FOLR1,FOLR3,LIN7A,MAK,VNN1,SPARC,BCL6,TFDP2,CBLB,KLHL24,GLS,IL1R2,PADI2,SSX2IP,GBP1,TNFSF4,ARG1,CYSTM1,PLA2G12A,SLPI,SERPINB6,HIP1,SPX,ANXA1,IL1RN,KIF13A,FLOT1,SYTL2,CASP5,THBS1,MMRN1,ANXA3,STON2,SMAD4,ATP1B1,XCL1,S100A8,GOLGA4,TCF7L2,ADM,ACSL1,DAB2,GBP5,NRG1,KCNJ15,CDA,S100A9,S100A12,S100P,DACT1,ATP5C1,AVPR1A,CLEC4D,P2RY12,RNASE2,CXCL8,TMED10,GPR27,FPR2,LRG1,MFSD4B,TLR10,SFN,YES1,F2R,MCEMP1,PTCH1,FCAR,INSIG1,TLR5,PEAR1,LOC400499,AKR1C3,SLC22A4,SERPINA1,PDGFA,DNM3,F5,CR1,APOL6,HP,MGAM,CCL5"
1,TRUE,5.99e-5,3140,350,98,0.28,0.031,GO:0044765,BP,3,single-organism transport,2,"ENPP4,MGST1,MMP25,ALOX5,ACPP,SLC38A5,SLC11A1,TIMP2,RAB27B,IL4R,HSPB11,ABCB1,TMED2,MMP9,AQP9,SIGLEC5,BST1,FOLR1,FOLR3,LIN7A,MAK,VNN1,SPARC,BCL6,CBLB,KLHL24,GLS,IL1R2,PADI2,SSX2IP,GBP1,TNFSF4,ARG1,CYSTM1,PLA2G12A,SLPI,SERPINB6,HIP1,SPX,ANXA1,IL1RN,KIF13A,FLOT1,SYTL2,CASP5,THBS1,MMRN1,ANXA3,STON2,SMAD4,ATP1B1,XCL1,S100A8,GOLGA4,TCF7L2,ADM,ACSL1,DAB2,GBP5,NRG1,KCNJ15,CDA,S100A9,S100A12,S100P,DACT1,ATP5C1,AVPR1A,CLEC4D,P2RY12,RNASE2,CXCL8,TMED10,GPR27,FPR2,LRG1,MFSD4B,TLR10,YES1,F2R,MCEMP1,PTCH1,FCAR,INSIG1,TLR5,PEAR1,LOC400499,AKR1C3,SLC22A4,SERPINA1,PDGFA,DNM3,F5,CR1,APOL6,HP,MGAM,CCL5"
1,TRUE,1.08e-7,1535,350,66,0.189,0.043,GO:0046903,BP,3,secretion,3,"ENPP4,MGST1,MMP25,ALOX5,ACPP,SLC11A1,TIMP2,RAB27B,IL4R,MMP9,AQP9,SIGLEC5,BST1,FOLR3,LIN7A,VNN1,SPARC,GLS,IL1R2,PADI2,GBP1,TNFSF4,ARG1,CYSTM1,PLA2G12A,SLPI,SERPINB6,SPX,ANXA1,IL1RN,SYTL2,CASP5,THBS1,MMRN1,ANXA3,SMAD4,S100A8,TCF7L2,ADM,GBP5,NRG1,CDA,S100A9,S100A12,S100P,AVPR1A,CLEC4D,P2RY12,RNASE2,TMED10,GPR27,FPR2,LRG1,TLR10,F2R,MCEMP1,FCAR,TLR5,SLC22A4,SERPINA1,PDGFA,F5,CR1,HP,MGAM,CCL5"
1,TRUE,4.51e-7,1404,350,61,0.174,0.043,GO:0032940,BP,3,secretion by cell,4,"ENPP4,MGST1,MMP25,ALOX5,ACPP,SLC11A1,TIMP2,RAB27B,IL4R,MMP9,SIGLEC5,BST1,FOLR3,LIN7A,VNN1,SPARC,GLS,IL1R2,PADI2,GBP1,TNFSF4,ARG1,CYSTM1,SLPI,SERPINB6,ANXA1,IL1RN,SYTL2,CASP5,THBS1,MMRN1,ANXA3,SMAD4,S100A8,TCF7L2,ADM,GBP5,CDA,S100A9,S100A12,S100P,AVPR1A,CLEC4D,P2RY12,RNASE2,TMED10,GPR27,FPR2,LRG1,TLR10,F2R,MCEMP1,FCAR,TLR5,SERPINA1,PDGFA,F5,CR1,HP,MGAM,CCL5"
1,TRUE,3.37e-7,849,350,45,0.129,0.053,GO:0006887,BP,3,exocytosis,5,"ENPP4,MGST1,MMP25,ALOX5,ACPP,SLC11A1,TIMP2,RAB27B,IL4R,MMP9,SIGLEC5,BST1,FOLR3,LIN7A,VNN1,SPARC,PADI2,ARG1,CYSTM1,SLPI,SERPINB6,ANXA1,SYTL2,THBS1,MMRN1,ANXA3,S100A8,CDA,S100A9,S100A12,S100P,CLEC4D,RNASE2,TMED10,FPR2,LRG1,MCEMP1,FCAR,SERPINA1,PDGFA,F5,CR1,HP,MGAM,CCL5"
1,TRUE,5.08e-7,734,350,41,0.117,0.056,GO:0045055,BP,3,regulated exocytosis,6,"ENPP4,MGST1,MMP25,ALOX5,ACPP,SLC11A1,TIMP2,RAB27B,IL4R,MMP9,SIGLEC5,BST1,FOLR3,VNN1,SPARC,PADI2,ARG1,CYSTM1,SLPI,SERPINB6,THBS1,MMRN1,ANXA3,S100A8,CDA,S100A9,S100A12,S100P,CLEC4D,RNASE2,TMED10,FPR2,LRG1,MCEMP1,FCAR,SERPINA1,PDGFA,F5,CR1,HP,MGAM"
1,TRUE,4.95e-7,527,350,34,0.097,0.065,GO:0043299,BP,3,leukocyte degranulation,7,"ENPP4,MGST1,MMP25,ALOX5,ACPP,SLC11A1,TIMP2,IL4R,MMP9,SIGLEC5,BST1,FOLR3,VNN1,PADI2,ARG1,CYSTM1,SLPI,SERPINB6,ANXA3,S100A8,CDA,S100A9,S100A12,S100P,CLEC4D,RNASE2,FPR2,LRG1,MCEMP1,FCAR,SERPINA1,CR1,HP,MGAM"
1,TRUE,0.0151,2884,350,84,0.24,0.029,GO:0010033,BP,3,response to organic substance,1,"TFPI,PDK4,MGST1,KDM5D,SLC11A1,TIMP2,THRAP3,DGAT2,RORA,TGFBR3,TBX21,TXK,IL4R,IRAK3,IL2RB,SAMHD1,SMAD7,AQP9,NAMPT,CAV2,MED13,PF4V1,FOLR1,SPARC,USP9Y,IL1R2,IL1R1,PADI2,GBP1,TNFSF4,ARG1,TJP2,SLPI,IRF5,CDKN1C,NASP,ANXA1,IL1RN,FLOT1,THBS1,ANXA3,SMAD4,PRKACB,XCL1,S100A8,TCF7L2,ADM,NCAM1,EPS8,ACSL1,DAB2,GBP5,FBXO32,GART,PRMT2,ALPL,CXCL5,S100P,NFIL3,IFI27,SPRED1,AVPR1A,PTGDR,HNRNPH1,P2RY12,CXCL8,TMED10,GPR27,PDGFD,LRG1,YES1,F2R,NOG,SOCS3,PTCH1,TLR5,AKR1C3,HLA-DQA1,FCGR1B,ND6,F5,HLA-F,CCL5,CCL4"
1,TRUE,4.44e-4,896,350,40,0.114,0.045,GO:0033993,BP,3,response to lipid,2,"TFPI,PDK4,MGST1,KDM5D,SLC11A1,THRAP3,DGAT2,RORA,TGFBR3,IRAK3,MED13,PF4V1,SPARC,PADI2,TNFSF4,ARG1,SLPI,NASP,ANXA1,IL1RN,THBS1,ANXA3,S100A8,ADM,ACSL1,DAB2,FBXO32,PRMT2,ALPL,CXCL5,IFI27,AVPR1A,PTGDR,CXCL8,YES1,F2R,PTCH1,TLR5,AKR1C3,CCL5"
1,TRUE,0.00103,820,350,37,0.106,0.045,GO:0034097,BP,3,response to cytokine,2,"TFPI,SLC11A1,TIMP2,RORA,TXK,IL4R,IRAK3,IL2RB,SAMHD1,PF4V1,SPARC,IL1R2,IL1R1,PADI2,GBP1,TNFSF4,ARG1,TJP2,IRF5,ANXA1,IL1RN,THBS1,SMAD4,XCL1,NCAM1,ACSL1,GBP5,CXCL5,NFIL3,IFI27,CXCL8,SOCS3,HLA-DQA1,FCGR1B,HLA-F,CCL5,CCL4"
1,TRUE,0.028,118,350,11,0.031,0.093,GO:0070555,BP,3,response to interleukin-1,3,"TFPI,RORA,IRAK3,IL1R2,IL1R1,ANXA1,IL1RN,XCL1,CXCL8,CCL5,CCL4"
1,TRUE,0.0107,726,350,32,0.091,0.044,GO:0071345,BP,3,cellular response to cytokine stimulus,3,"TFPI,RORA,TXK,IL4R,IRAK3,IL2RB,SAMHD1,PF4V1,IL1R2,IL1R1,PADI2,GBP1,TNFSF4,ARG1,TJP2,IRF5,IL1RN,THBS1,SMAD4,XCL1,NCAM1,ACSL1,GBP5,CXCL5,NFIL3,CXCL8,SOCS3,HLA-DQA1,FCGR1B,HLA-F,CCL5,CCL4"
1,TRUE,0.018,92,350,10,0.029,0.109,GO:0071347,BP,3,cellular response to interleukin-1,4,"TFPI,RORA,IRAK3,IL1R2,IL1R1,IL1RN,XCL1,CXCL8,CCL5,CCL4"
1,TRUE,0.0135,154,350,13,0.037,0.084,GO:0034341,BP,3,response to interferon-gamma,3,"SLC11A1,TXK,GBP1,IRF5,XCL1,NCAM1,GBP5,SOCS3,HLA-DQA1,FCGR1B,HLA-F,CCL5,CCL4"
1,TRUE,0.0157,133,350,12,0.034,0.09,GO:0071346,BP,3,cellular response to interferon-gamma,4,"TXK,GBP1,IRF5,XCL1,NCAM1,GBP5,SOCS3,HLA-DQA1,FCGR1B,HLA-F,CCL5,CCL4"
1,TRUE,1.25e-7,1360,350,61,0.174,0.045,GO:0001775,BP,3,cell activation,1,"ENPP4,MGST1,MMP25,ALOX5,ACPP,SLC11A1,SLAMF7,TIMP2,RORA,TBX21,TXK,IL4R,GP6,MMP9,SMAD7,SIGLEC5,PF4V1,BST1,FOLR3,VNN1,BCL6,PADI2,TNFSF4,ARG1,CYSTM1,SLPI,SERPINB6,GPR18,ANXA1,THBS1,PDE5A,ANXA3,SMAD4,XCL1,S100A8,CDA,IKZF3,S100A9,S100A12,S100P,CLEC4D,P2RY12,RNASE2,CXCL8,FPR2,LRG1,YES1,PRF1,F2R,MCEMP1,FCAR,SEMA4A,HLA-DQA1,SERPINA1,PDGFA,SH2D1B,F5,CR1,HP,MGAM,CCL5"
1,TRUE,5.65e-6,1205,350,53,0.151,0.044,GO:0045321,BP,3,leukocyte activation,2,"ENPP4,MGST1,MMP25,ALOX5,ACPP,SLC11A1,SLAMF7,TIMP2,RORA,TBX21,IL4R,MMP9,SMAD7,SIGLEC5,BST1,FOLR3,VNN1,BCL6,PADI2,TNFSF4,ARG1,CYSTM1,SLPI,SERPINB6,GPR18,ANXA1,THBS1,PDE5A,ANXA3,XCL1,S100A8,CDA,IKZF3,S100A9,S100A12,S100P,CLEC4D,RNASE2,CXCL8,FPR2,LRG1,YES1,PRF1,MCEMP1,FCAR,SEMA4A,HLA-DQA1,SERPINA1,SH2D1B,CR1,HP,MGAM,CCL5"
1,TRUE,1.09e-7,610,350,38,0.109,0.062,GO:0002274,BP,3,myeloid leukocyte activation,3,"ENPP4,MGST1,MMP25,ALOX5,ACPP,SLC11A1,TIMP2,RORA,IL4R,MMP9,SIGLEC5,BST1,FOLR3,VNN1,PADI2,ARG1,CYSTM1,SLPI,SERPINB6,THBS1,ANXA3,S100A8,CDA,S100A9,S100A12,S100P,CLEC4D,RNASE2,CXCL8,FPR2,LRG1,MCEMP1,FCAR,SERPINA1,CR1,HP,MGAM,CCL5"
1,TRUE,1.85e-8,493,350,35,0.1,0.071,GO:0036230,BP,3,granulocyte activation,4,"ENPP4,MGST1,MMP25,ALOX5,ACPP,SLC11A1,TIMP2,MMP9,SIGLEC5,BST1,FOLR3,VNN1,PADI2,ARG1,CYSTM1,SLPI,SERPINB6,ANXA3,S100A8,CDA,S100A9,S100A12,S100P,CLEC4D,RNASE2,CXCL8,FPR2,LRG1,MCEMP1,FCAR,SERPINA1,CR1,HP,MGAM,CCL5"
1,TRUE,1.31e-8,487,350,35,0.1,0.072,GO:0042119,BP,3,neutrophil activation,5,"ENPP4,MGST1,MMP25,ALOX5,ACPP,SLC11A1,TIMP2,MMP9,SIGLEC5,BST1,FOLR3,VNN1,PADI2,ARG1,CYSTM1,SLPI,SERPINB6,ANXA3,S100A8,CDA,S100A9,S100A12,S100P,CLEC4D,RNASE2,CXCL8,FPR2,LRG1,MCEMP1,FCAR,SERPINA1,CR1,HP,MGAM,CCL5"
1,TRUE,1.03e-8,676,350,42,0.12,0.062,GO:0002263,BP,3,cell activation involved in immune response,2,"ENPP4,MGST1,MMP25,ALOX5,ACPP,SLC11A1,TIMP2,RORA,TBX21,IL4R,MMP9,SMAD7,SIGLEC5,BST1,FOLR3,VNN1,BCL6,PADI2,TNFSF4,ARG1,CYSTM1,SLPI,SERPINB6,ANXA1,ANXA3,S100A8,CDA,S100A9,S100A12,S100P,CLEC4D,RNASE2,FPR2,LRG1,MCEMP1,FCAR,SEMA4A,SERPINA1,SH2D1B,CR1,HP,MGAM"
1,TRUE,9.34e-9,674,350,42,0.12,0.062,GO:0002366,BP,3,leukocyte activation involved in immune response,3,"ENPP4,MGST1,MMP25,ALOX5,ACPP,SLC11A1,TIMP2,RORA,TBX21,IL4R,MMP9,SMAD7,SIGLEC5,BST1,FOLR3,VNN1,BCL6,PADI2,TNFSF4,ARG1,CYSTM1,SLPI,SERPINB6,ANXA1,ANXA3,S100A8,CDA,S100A9,S100A12,S100P,CLEC4D,RNASE2,FPR2,LRG1,MCEMP1,FCAR,SEMA4A,SERPINA1,SH2D1B,CR1,HP,MGAM"
1,TRUE,6.67e-7,533,350,34,0.097,0.064,GO:0002275,BP,3,myeloid cell activation involved in immune response,4,"ENPP4,MGST1,MMP25,ALOX5,ACPP,SLC11A1,TIMP2,IL4R,MMP9,SIGLEC5,BST1,FOLR3,VNN1,PADI2,ARG1,CYSTM1,SLPI,SERPINB6,ANXA3,S100A8,CDA,S100A9,S100A12,S100P,CLEC4D,RNASE2,FPR2,LRG1,MCEMP1,FCAR,SERPINA1,CR1,HP,MGAM"
1,TRUE,1.78e-7,480,350,33,0.094,0.069,GO:0002283,BP,3,neutrophil activation involved in immune response,5,"ENPP4,MGST1,MMP25,ALOX5,ACPP,SLC11A1,TIMP2,MMP9,SIGLEC5,BST1,FOLR3,VNN1,PADI2,ARG1,CYSTM1,SLPI,SERPINB6,ANXA3,S100A8,CDA,S100A9,S100A12,S100P,CLEC4D,RNASE2,FPR2,LRG1,MCEMP1,FCAR,SERPINA1,CR1,HP,MGAM"
1,TRUE,1.78e-7,480,350,33,0.094,0.069,GO:0043312,BP,3,neutrophil degranulation,6,"ENPP4,MGST1,MMP25,ALOX5,ACPP,SLC11A1,TIMP2,MMP9,SIGLEC5,BST1,FOLR3,VNN1,PADI2,ARG1,CYSTM1,SLPI,SERPINB6,ANXA3,S100A8,CDA,S100A9,S100A12,S100P,CLEC4D,RNASE2,FPR2,LRG1,MCEMP1,FCAR,SERPINA1,CR1,HP,MGAM"
1,TRUE,1.23e-4,1434,350,56,0.16,0.039,GO:0002682,BP,3,regulation of immune system process,1,"TMEM176A,SLC11A1,SLAMF7,CLEC2D,RORA,TBX21,TXK,IL4R,IRAK3,SAMHD1,SMAD7,TMEM176B,PF4V1,BST1,KLRB1,VNN1,BCL6,IL1R1,PADI2,GBP1,TNFSF4,TJP2,GPR18,KLRD1,ANXA1,FLOT1,THBS1,PDE5A,PRKACB,XCL1,S100A8,MEIS1,KLRF1,GBP5,IKZF3,S100A9,CXCL5,CLEC4D,P2RY12,CXCL8,PDGFD,FPR2,TLR10,YES1,TMEM64,SOCS3,TLR5,HLA-DQA1,PCBP2,FCGR1B,SH2D1B,CR1,HLA-F,N4BP2L2,CCL5,CCL4"
1,TRUE,0.0122,25,350,6,0.017,0.24,GO:1903846,BP,3,positive regulation of cellular response to transforming growth factor beta stimulus,1,"TGFBR3,CDKN1C,THBS1,SMAD4,DAB2,LRG1"
1,TRUE,0.00497,840,350,36,0.103,0.043,GO:0051707,BP,3,response to other organism,1,"TFPI,MGST1,STAB1,SLC11A1,TBX21,IL4R,IRAK3,SAMHD1,PF4V1,SPARC,GNLY,GBP1,TNFSF4,ARG1,PI3,SLPI,IRF5,CREBZF,ANXA3,XCL1,S100A8,ADM,ALPL,S100A9,S100A12,CXCL5,GUCY1A3,CLEC4D,CXCL8,PRF1,F2R,TLR5,PCBP2,HP,CCL5,CCL4"
1,TRUE,5.42e-4,2748,350,86,0.246,0.031,GO:0007166,BP,3,cell surface receptor signaling pathway,1,"PDK4,MATK,ACPP,CLEC2D,RORA,TGFBR3,TXK,IL4R,HSPB11,GP6,IRAK3,NCF4,IL2RB,MMP9,SAMHD1,SMAD7,CAV2,PF4V1,BST1,FOLR1,KLRB1,BCL6,USP9Y,CBLB,KLHL24,IL1R2,IL1R1,PADI2,GBP1,TNFSF4,TJP2,SGPP1,HIP1,IRF5,CDKN1C,KLRD1,ANXA1,IL1RN,THBS1,KLRG1,SMAD4,PRKACB,XCL1,TCF7L2,NCAM1,KLRF1,EPS8,ACSL1,DAB2,SH3RF1,ADAMTS1,NRG1,CDA,ASGR2,TGFA,PPM1L,CXCL5,DACT1,SPRED1,CLEC4D,HNRNPH1,ADRB2,P2RY12,CXCL8,REPS2,PDGFD,FPR2,LRG1,RNF213,YES1,TMEM64,NOG,KREMEN1,TACSTD2,SOCS3,PTCH1,PEAR1,SEMA4A,HLA-DQA1,PDGFA,FCGR1B,CR1,HLA-F,ADGRG1,CCL5,CCL4"
1,TRUE,0.0399,563,350,26,0.074,0.046,GO:0019221,BP,3,cytokine-mediated signaling pathway,2,"TXK,IL4R,IRAK3,IL2RB,SAMHD1,PF4V1,IL1R2,IL1R1,PADI2,GBP1,TNFSF4,TJP2,IRF5,IL1RN,SMAD4,XCL1,NCAM1,ACSL1,CXCL5,CXCL8,SOCS3,HLA-DQA1,FCGR1B,HLA-F,CCL5,CCL4"
1,TRUE,0.0462,708,350,30,0.086,0.042,GO:0030334,BP,3,regulation of cell migration,1,"CCAR1,MYLK,MMP9,SMAD7,PF4V1,BST1,SPARC,IL1R1,PADI2,GPR18,ANXA1,PRR5L,THBS1,ANXA3,XCL1,TMEFF2,DAB2,NRG1,CXCL5,P2RY12,CXCL8,PDGFD,F2R,NOG,TACSTD2,SEMA4A,PDGFA,ADGRG1,CCL5,CCL4"
1,TRUE,0.00511,164,350,14,0.04,0.085,GO:0002685,BP,3,regulation of leukocyte migration,2,"PF4V1,BST1,IL1R1,PADI2,GPR18,ANXA1,THBS1,XCL1,CXCL5,P2RY12,CXCL8,PDGFD,CCL5,CCL4"
1,TRUE,0.0122,25,350,6,0.017,0.24,GO:0030511,BP,3,positive regulation of transforming growth factor beta receptor signaling pathway,1,"TGFBR3,CDKN1C,THBS1,SMAD4,DAB2,LRG1"
1,TRUE,0.0268,653,350,29,0.083,0.044,GO:0001816,BP,12,cytokine production,1,"SLC11A1,RORA,TXK,IL4R,IRAK3,SMAD7,BCL6,IL1R2,GBP1,TNFSF4,GPR18,IRF5,ANXA1,IGF2BP3,FLOT1,CASP5,THBS1,SMAD4,XCL1,S100A8,GBP5,S100A9,S100A12,HEG1,TLR10,F2R,TLR5,PCBP2,ADGRG1"
1,TRUE,0.0186,2719,350,80,0.229,0.029,GO:0051239,BP,7,regulation of multicellular organismal process,1,"ENPP4,TMEM176A,PDK4,STAB1,ACPP,SLC11A1,TIMP2,RORA,TGFBR3,TBX21,TXK,IL4R,IRAK3,MMP9,SMAD7,TMEM176B,MMD,VNN1,SPARC,BCL6,GLS,IL1R2,GBP1,TNFSF4,TJP2,TSHZ3,GPR18,IRF5,CDKN1C,SPX,DSC2,ANXA1,IGF2BP3,IL1RN,FLOT1,SYTL2,CASP5,THBS1,PDE5A,ANXA3,SMAD4,PRKACB,ATP1B1,XCL1,MEIS1,GOLGA4,NFIB,TCF7L2,ADM,DAB2,GBP5,FBXO32,NRG1,IKZF3,GUCY1A3,DACT1,AVPR1A,ADRB2,P2RY12,CXCL8,PDGFD,LRG1,HEG1,TLR10,SFN,BASP1,TMEM64,S1PR5,F2R,NOG,KREMEN1,TACSTD2,PTCH1,TLR5,SEMA4A,PCBP2,PDGFA,DNM3,ADGRG1,N4BP2L2"
1,TRUE,0.0182,1040,350,40,0.114,0.038,GO:0051241,BP,7,negative regulation of multicellular organismal process,1,"TMEM176A,STAB1,SLC11A1,IL4R,IRAK3,SMAD7,TMEM176B,SPARC,BCL6,IL1R2,GBP1,TNFSF4,TJP2,GPR18,SPX,ANXA1,THBS1,PDE5A,SMAD4,PRKACB,XCL1,MEIS1,NFIB,ADM,NRG1,GUCY1A3,AVPR1A,ADRB2,TMEM64,F2R,NOG,KREMEN1,TACSTD2,PTCH1,SEMA4A,PCBP2,PDGFA,DNM3,ADGRG1,N4BP2L2"
1,TRUE,0.00902,2757,350,82,0.234,0.03,GO:0070887,BP,20,cellular response to chemical stimulus,1,"TFPI,PDK4,MGST1,KDM5D,THRAP3,GUCY1B3,DGAT2,RORA,TGFBR3,TBX21,TXK,IL4R,IRAK3,NCF4,IL2RB,MMP9,SAMHD1,SMAD7,AQP9,CAV2,MED13,PF4V1,BST1,FOLR1,VNN1,SPARC,USP9Y,IL1R2,IL1R1,PADI2,GBP1,TNFSF4,ARG1,TJP2,NQO2,GPR18,IRF5,CDKN1C,ANXA1,PRR5L,IL1RN,FLOT1,THBS1,SMAD4,PRKACB,XCL1,S100A8,NCAM1,ACSL1,DAB2,GBP5,FBXO32,PRMT2,ALPL,S100A9,S100A12,CXCL5,CMBL,NFIL3,SPRED1,AVPR1A,PTGDR,HNRNPH1,P2RY12,CXCL8,GPR27,PDGFD,FPR2,LRG1,SULT1B1,NET1,YES1,NOG,SOCS3,PTCH1,TLR5,AKR1C3,HLA-DQA1,FCGR1B,HLA-F,CCL5,CCL4"
1,TRUE,0.0455,9390,350,210,0.6,0.022,GO:0016020,CC,11,membrane,1,"ENPP4,TMEM176A,TFPI,PDK4,MATK,MGST1,MMP25,TENM1,TRAF3IP3,STAB1,ALOX5,ACPP,SLC38A5,SLC11A1,SLAMF7,RAB27B,OFD1,GUCY1B3,DGAT2,DDX3Y,CLEC2D,TGFBR3,RHOBTB1,MRVI1,DHRS9,TXK,IL4R,ABCB1,TMED2,GP6,PTPN4,TMEM40,VNN3,GGA1,NCF4,IL2RB,GZMB,SAMHD1,SMAD7,WDR59,AQP9,NKG7,SIGLEC5,CAV2,TMEM176B,PIGL,MED13,MMD,BST1,MS4A6A,FOLR1,FOLR3,LIN7A,ACRBP,KLRB1,VNN1,ENPP5,SPARC,LMNB1,CBLB,NKTR,MRPL19,IL1R2,IL1R1,AKT3,GBP1,TNFSF4,B4GALT6,ARG1,TJP2,WDR11,CYSTM1,CALD1,PI3,SERPINB6,GPR18,SGPP1,HIP1,STEAP4,RPS4Y1,KLRD1,DSC2,ANXA1,DYSF,IL1RN,YME1L1,KIF13A,FLOT1,SYTL2,THBS1,RPS24,ANXA3,KLRG1,STON2,MCTP2,UQCRC2,VPS53,RPS11,PRKACB,ATP1B1,S100A8,TMEFF2,GOLGA4,GZMA,TRIM4,NCAM1,KLRF1,EPS8,ASAP2,TMEM45B,ACSL1,TMEM267,RABGAP1L,NMT2,DAB2,GDPD1,GBP5,ADAMTS1,NRG1,KCNJ15,ALAS2,PCSK7,IKZF3,ASGR2,ALPL,GBP4,S100A9,S100A12,TGFA,PPM1L,WDFY3,S100P,GUCY1A3,RHOBTB3,ERAP2,ATP5C1,IFI27,SPRED1,AVPR1A,CLEC4D,MS4A7,MS4A14,CA4,DHRS13,PTGDR,SDPR,BTNL3,HNRNPH1,ADRB2,P2RY12,CLIC3,TMED10,GPR27,PDGFD,FPR2,LRG1,MFSD4B,HEG1,RNF213,NET1,TLR10,CHST2,GOLGA8A,TMEM70,SFN,ZDHHC21,YES1,B3GNT5,BASP1,CD163,HLA-DQB1,PRF1,TMEM64,S1PR5,F2R,TMEM45A,MCEMP1,KLRC4,KREMEN1,TACSTD2,PTCH1,LRCH3,FCAR,INSIG1,LILRA5,TLR5,C2ORF88,PEAR1,ARL4C,SEMA4A,HLA-DQA1,FUT11,PCBP2,SLC22A4,SERPINA1,PDGFA,DNM3,FCGR1B,ND6,F5,MFAP3L,CR1,HLA-F,ADGRG1,KLRC3,APOL6,SMIM1,ASPRV1,HCAR3,MGAM"
1,TRUE,0.00877,1556,350,54,0.154,0.035,GO:0098805,CC,11,whole membrane,2,"ENPP4,MGST1,MMP25,STAB1,ACPP,SLC11A1,RAB27B,TMED2,GGA1,NCF4,WDR59,SIGLEC5,CAV2,MMD,BST1,FOLR1,ACRBP,VNN1,SPARC,CBLB,ARG1,WDR11,CYSTM1,SERPINB6,HIP1,ANXA1,KIF13A,FLOT1,ANXA3,VPS53,ATP1B1,ACSL1,DAB2,TGFA,WDFY3,SPRED1,CLEC4D,CA4,SDPR,ADRB2,P2RY12,TMED10,FPR2,CD163,F2R,MCEMP1,PTCH1,FCAR,HLA-DQA1,FCGR1B,CR1,HLA-F,ADGRG1,MGAM"
1,TRUE,0.026,5221,350,132,0.377,0.025,GO:0005886,CC,11,plasma membrane,2,"ENPP4,TFPI,MATK,MGST1,MMP25,TENM1,STAB1,ACPP,SLC38A5,SLC11A1,SLAMF7,RAB27B,GUCY1B3,CLEC2D,TGFBR3,RHOBTB1,TXK,IL4R,ABCB1,GP6,PTPN4,VNN3,NCF4,IL2RB,GZMB,SAMHD1,SMAD7,AQP9,NKG7,SIGLEC5,CAV2,MMD,BST1,FOLR1,LIN7A,KLRB1,VNN1,ENPP5,CBLB,NKTR,IL1R2,IL1R1,GBP1,TNFSF4,TJP2,CYSTM1,CALD1,PI3,SERPINB6,GPR18,HIP1,STEAP4,KLRD1,DSC2,ANXA1,DYSF,IL1RN,FLOT1,SYTL2,THBS1,ANXA3,KLRG1,PRKACB,ATP1B1,S100A8,GZMA,TRIM4,NCAM1,KLRF1,EPS8,ASAP2,ACSL1,NMT2,DAB2,NRG1,KCNJ15,IKZF3,ASGR2,ALPL,S100A9,S100A12,TGFA,WDFY3,S100P,GUCY1A3,SPRED1,AVPR1A,CLEC4D,CA4,PTGDR,SDPR,ADRB2,P2RY12,TMED10,GPR27,FPR2,MFSD4B,HEG1,NET1,TLR10,ZDHHC21,YES1,BASP1,CD163,HLA-DQB1,PRF1,S1PR5,F2R,MCEMP1,KREMEN1,TACSTD2,PTCH1,LRCH3,FCAR,LILRA5,TLR5,C2ORF88,PEAR1,ARL4C,SEMA4A,HLA-DQA1,SLC22A4,DNM3,FCGR1B,F5,MFAP3L,CR1,HLA-F,ADGRG1,SMIM1,HCAR3,MGAM"
1,TRUE,0.01,9275,350,211,0.603,0.023,GO:0044444,CC,11,cytoplasmic part,1,"ENPP4,TFPI,PDK4,PHTF2,MATK,MGST1,MMP25,TENM1,STAB1,ALOX5,ACPP,SLC11A1,SLAMF7,TIMP2,RAB27B,OFD1,MXD1,CCAR1,GUCY1B3,DGAT2,MYLK,DDX3Y,CLEC2D,RHOBTB1,MRVI1,DHRS9,TMED2,ANAPC5,GGA1,NCF4,GZMB,DDHD1,MMP9,CEP76,SMAD7,WDR59,GSPT1,EEF1D,SIGLEC5,NAMPT,CAV2,KRT23,PIGL,MMD,BST1,FOLR1,FOLR3,ACRBP,VNN1,SPARC,BCL6,HGD,TFDP2,CBLB,NKTR,MRPL19,GLS,GNLY,PADI2,SSX2IP,GBP1,B4GALT6,ARG1,TJP2,WDR11,CYSTM1,PLBD1,CALD1,PLA2G12A,PI3,SLPI,SERPINB6,NQO2,GPR18,SGPP1,HIP1,STEAP4,IRF5,RPS4Y1,DCAF8,SPX,DSC2,ANXA1,PRR5L,DYSF,IGF2BP3,YME1L1,KIF13A,FLOT1,FCHSD2,SYTL2,CREBZF,CASP5,THBS1,RPS24,MMRN1,PDE5A,ANXA3,STON2,MCTP2,UQCRC2,VPS53,SMAD4,RPS11,PRKACB,S100A8,GOLGA4,TRIM4,CEP78,HERC4,NCAM1,PRSS23,EPS8,ASAP2,ACSL1,GLT1D1,RABGAP1L,NMT2,MBNL1,DAB2,GDPD1,SH3RF1,GBP5,ADAMTS1,MAP3K7CL,TDRD9,FBXO32,ALAS2,CDA,GART,RGL4,PRMT2,PCSK7,IKZF3,GBP4,DENND2D,S100A9,S100A12,TGFA,PPM1L,WDFY3,S100P,GUCY1A3,CMBL,RHOBTB3,ERAP2,PAPD4,ALDH1A1,DACT1,ATP5C1,SPRED1,AVPR1A,CLEC4D,CA4,SDPR,HNRNPH1,ADRB2,P2RY12,RNASE2,REPS2,TMED10,PFKFB3,PDGFD,FPR2,LRG1,EXOSC1,RRM2,TEFM,RPL38,SULT1B1,RNF213,NET1,CHST2,GK5,GOLGA8A,TMEM70,SFN,ZDHHC21,YES1,B3GNT5,CD163,PRF1,TMEM64,F2R,MCEMP1,TACSTD2,SOCS3,PTCH1,LRCH3,ZBTB6,FCAR,INSIG1,ARL4C,AKR1C3,SEMA4A,HLA-DQA1,FUT11,PCBP2,SLC22A4,SERPINA1,PDGFA,DNM3,FCGR1B,SH2D1B,ND6,F5,CR1,HLA-F,GOLGA8N,HP,MGAM"
1,TRUE,0.00942,4247,350,114,0.326,0.027,GO:0012505,CC,11,endomembrane system,1,"ENPP4,TFPI,PHTF2,MGST1,MMP25,TENM1,ALOX5,ACPP,SLC11A1,SLAMF7,TIMP2,RAB27B,DGAT2,CLEC2D,MRVI1,DHRS9,TMED2,GGA1,NCF4,MMP9,EEF1D,SIGLEC5,CAV2,TMEM176B,PIGL,MMD,BST1,FOLR1,FOLR3,ACRBP,VNN1,SPARC,LMNB1,BCL6,MRPL19,PADI2,GBP1,B4GALT6,ARG1,CYSTM1,PLA2G12A,SLPI,SERPINB6,SGPP1,HIP1,STEAP4,SPX,ANXA1,DYSF,KIF13A,FLOT1,FCHSD2,SYTL2,THBS1,MMRN1,ANXA3,STON2,MCTP2,VPS53,S100A8,GOLGA4,NCAM1,PRSS23,ASAP2,ACSL1,RABGAP1L,NMT2,DAB2,SH3RF1,GBP5,CDA,PCSK7,GBP4,S100A9,S100A12,TGFA,PPM1L,WDFY3,S100P,RHOBTB3,ERAP2,AVPR1A,CLEC4D,CA4,ADRB2,RNASE2,TMED10,PDGFD,FPR2,LRG1,CHST2,GOLGA8A,ZDHHC21,YES1,B3GNT5,PRF1,TMEM64,F2R,MCEMP1,PTCH1,FCAR,INSIG1,HLA-DQA1,FUT11,SERPINA1,PDGFA,DNM3,FCGR1B,F5,CR1,HLA-F,GOLGA8N,HP,MGAM"
1,TRUE,7.79e-5,4207,350,121,0.346,0.029,GO:0031982,CC,11,vesicle,1,"ENPP4,MGST1,MMP25,STAB1,ALOX5,ACPP,SLC11A1,TIMP2,RAB27B,THRAP3,MYLK,TGFBR3,HSPB11,ABCB1,TMED2,GP6,GGA1,NCF4,MMP9,TUBB1,SIGLEC5,NAMPT,CAV2,MMD,BST1,FOLR1,FOLR3,LIN7A,ACRBP,VNN1,SPARC,HGD,GNLY,PADI2,ARG1,CYSTM1,PI3,SLPI,SERPINB6,NQO2,GPR18,HIP1,STEAP4,SPX,DSC2,ANXA1,DYSF,IL1RN,KIF13A,FLOT1,FCHSD2,SYTL2,THBS1,MMRN1,ANXA3,STON2,UQCRC2,VPS53,RPS11,PRKACB,ATP1B1,S100A8,GOLGA4,NCAM1,PRSS23,EPS8,RABGAP1L,DAB2,GBP5,ADAMTS1,CDA,GART,RGL4,ALPL,S100A9,S100A12,TGFA,PPM1L,S100P,CMBL,RHOBTB3,ALDH1A1,ATP5C1,AVPR1A,CLEC4D,CA4,ADRB2,RNASE2,CLIC3,TMED10,PDGFD,FPR2,LRG1,SFN,YES1,BASP1,CD163,PRF1,F2R,MCEMP1,TACSTD2,PTCH1,FCAR,LILRA5,AKR1C3,HLA-DQA1,FUT11,PCBP2,SERPINA1,PDGFA,DNM3,FCGR1B,F5,CR1,HLA-F,ADGRG1,SMIM1,N4BP2L2,HP,MGAM,HIST1H2AE"
1,TRUE,0.00809,2839,350,84,0.24,0.03,GO:0031090,CC,11,organelle membrane,1,"ENPP4,TFPI,PDK4,MGST1,MMP25,STAB1,ALOX5,ACPP,SLC11A1,RAB27B,MRVI1,DHRS9,TMED2,GGA1,NCF4,WDR59,SIGLEC5,CAV2,TMEM176B,MMD,BST1,FOLR1,ACRBP,VNN1,SPARC,LMNB1,MRPL19,GBP1,B4GALT6,ARG1,WDR11,CYSTM1,SERPINB6,GPR18,HIP1,STEAP4,ANXA1,DYSF,YME1L1,KIF13A,FLOT1,ANXA3,UQCRC2,VPS53,GOLGA4,NCAM1,ASAP2,ACSL1,DAB2,GBP5,ALAS2,PCSK7,GBP4,TGFA,WDFY3,RHOBTB3,ATP5C1,CLEC4D,CA4,ADRB2,TMED10,PDGFD,FPR2,CHST2,GOLGA8A,TMEM70,SFN,ZDHHC21,B3GNT5,CD163,MCEMP1,PTCH1,FCAR,HLA-DQA1,FUT11,SERPINA1,PDGFA,DNM3,FCGR1B,ND6,F5,CR1,HLA-F,MGAM"
1,TRUE,4.1e-4,1926,350,67,0.191,0.035,GO:0098588,CC,11,bounding membrane of organelle,2,"ENPP4,MGST1,MMP25,STAB1,ACPP,SLC11A1,RAB27B,MRVI1,TMED2,GGA1,NCF4,WDR59,SIGLEC5,CAV2,MMD,BST1,FOLR1,ACRBP,VNN1,SPARC,GBP1,B4GALT6,ARG1,WDR11,CYSTM1,SERPINB6,HIP1,STEAP4,ANXA1,KIF13A,FLOT1,ANXA3,VPS53,GOLGA4,NCAM1,ASAP2,ACSL1,DAB2,GBP5,PCSK7,GBP4,TGFA,WDFY3,RHOBTB3,CLEC4D,CA4,ADRB2,TMED10,PDGFD,FPR2,CHST2,GOLGA8A,ZDHHC21,B3GNT5,CD163,MCEMP1,PTCH1,FCAR,HLA-DQA1,FUT11,SERPINA1,PDGFA,FCGR1B,F5,CR1,HLA-F,MGAM"
1,TRUE,7.3e-6,739,350,39,0.111,0.053,GO:0012506,CC,11,vesicle membrane,2,"ENPP4,MGST1,MMP25,STAB1,ACPP,SLC11A1,RAB27B,TMED2,SIGLEC5,CAV2,BST1,FOLR1,ACRBP,VNN1,SPARC,CYSTM1,SERPINB6,GPR18,HIP1,ANXA1,DYSF,ANXA3,DAB2,TGFA,CLEC4D,CA4,ADRB2,TMED10,FPR2,SFN,CD163,MCEMP1,PTCH1,FCAR,HLA-DQA1,FCGR1B,CR1,HLA-F,MGAM"
1,TRUE,0.00277,336,350,21,0.06,0.062,GO:0031983,CC,11,vesicle lumen,1,"ALOX5,TIMP2,FOLR3,SPARC,GNLY,PADI2,ARG1,SLPI,THBS1,MMRN1,S100A8,CDA,S100A9,S100A12,S100P,RNASE2,LRG1,SERPINA1,PDGFA,F5,HP"
1,TRUE,2.11e-6,2156,350,79,0.226,0.037,GO:0097708,CC,11,intracellular vesicle,1,"ENPP4,MGST1,MMP25,STAB1,ALOX5,ACPP,SLC11A1,TIMP2,RAB27B,TMED2,GGA1,NCF4,MMP9,SIGLEC5,CAV2,MMD,BST1,FOLR1,FOLR3,ACRBP,VNN1,SPARC,GNLY,PADI2,ARG1,CYSTM1,SLPI,SERPINB6,GPR18,HIP1,STEAP4,SPX,DSC2,ANXA1,DYSF,KIF13A,FLOT1,FCHSD2,SYTL2,THBS1,MMRN1,ANXA3,STON2,VPS53,S100A8,RABGAP1L,DAB2,GBP5,ADAMTS1,CDA,RGL4,S100A9,S100A12,TGFA,S100P,AVPR1A,CLEC4D,CA4,ADRB2,RNASE2,TMED10,FPR2,LRG1,SFN,CD163,PRF1,F2R,MCEMP1,PTCH1,FCAR,HLA-DQA1,SERPINA1,PDGFA,FCGR1B,F5,CR1,HLA-F,HP,MGAM"
1,TRUE,1.98e-6,2153,350,79,0.226,0.037,GO:0031410,CC,11,cytoplasmic vesicle,2,"ENPP4,MGST1,MMP25,STAB1,ALOX5,ACPP,SLC11A1,TIMP2,RAB27B,TMED2,GGA1,NCF4,MMP9,SIGLEC5,CAV2,MMD,BST1,FOLR1,FOLR3,ACRBP,VNN1,SPARC,GNLY,PADI2,ARG1,CYSTM1,SLPI,SERPINB6,GPR18,HIP1,STEAP4,SPX,DSC2,ANXA1,DYSF,KIF13A,FLOT1,FCHSD2,SYTL2,THBS1,MMRN1,ANXA3,STON2,VPS53,S100A8,RABGAP1L,DAB2,GBP5,ADAMTS1,CDA,RGL4,S100A9,S100A12,TGFA,S100P,AVPR1A,CLEC4D,CA4,ADRB2,RNASE2,TMED10,FPR2,LRG1,SFN,CD163,PRF1,F2R,MCEMP1,PTCH1,FCAR,HLA-DQA1,SERPINA1,PDGFA,FCGR1B,F5,CR1,HLA-F,HP,MGAM"
1,TRUE,1.44e-9,1393,350,66,0.189,0.047,GO:0044433,CC,11,cytoplasmic vesicle part,3,"ENPP4,MGST1,MMP25,STAB1,ALOX5,ACPP,SLC11A1,TIMP2,RAB27B,TMED2,GGA1,NCF4,MMP9,SIGLEC5,CAV2,MMD,BST1,FOLR1,FOLR3,ACRBP,VNN1,SPARC,GNLY,PADI2,ARG1,CYSTM1,SLPI,SERPINB6,GPR18,HIP1,ANXA1,DYSF,KIF13A,THBS1,MMRN1,ANXA3,VPS53,S100A8,DAB2,CDA,S100A9,S100A12,TGFA,S100P,CLEC4D,CA4,ADRB2,RNASE2,TMED10,FPR2,LRG1,SFN,CD163,PRF1,MCEMP1,PTCH1,FCAR,HLA-DQA1,SERPINA1,PDGFA,FCGR1B,F5,CR1,HLA-F,HP,MGAM"
1,TRUE,3.65e-6,721,350,39,0.111,0.054,GO:0030659,CC,11,cytoplasmic vesicle membrane,4,"ENPP4,MGST1,MMP25,STAB1,ACPP,SLC11A1,RAB27B,TMED2,SIGLEC5,CAV2,BST1,FOLR1,ACRBP,VNN1,SPARC,CYSTM1,SERPINB6,GPR18,HIP1,ANXA1,DYSF,ANXA3,DAB2,TGFA,CLEC4D,CA4,ADRB2,TMED10,FPR2,SFN,CD163,MCEMP1,PTCH1,FCAR,HLA-DQA1,FCGR1B,CR1,HLA-F,MGAM"
1,TRUE,0.00264,335,350,21,0.06,0.063,GO:0060205,CC,11,cytoplasmic vesicle lumen,4,"ALOX5,TIMP2,FOLR3,SPARC,GNLY,PADI2,ARG1,SLPI,THBS1,MMRN1,S100A8,CDA,S100A9,S100A12,S100P,RNASE2,LRG1,SERPINA1,PDGFA,F5,HP"
1,TRUE,1.43e-6,921,350,46,0.131,0.05,GO:0099503,CC,11,secretory vesicle,3,"ENPP4,MGST1,MMP25,ALOX5,ACPP,SLC11A1,TIMP2,RAB27B,TMED2,MMP9,SIGLEC5,CAV2,BST1,FOLR3,ACRBP,VNN1,SPARC,PADI2,ARG1,CYSTM1,SLPI,SERPINB6,SYTL2,THBS1,MMRN1,ANXA3,STON2,S100A8,CDA,S100A9,S100A12,S100P,CLEC4D,CA4,RNASE2,TMED10,FPR2,LRG1,MCEMP1,FCAR,SERPINA1,PDGFA,F5,CR1,HP,MGAM"
1,TRUE,2.16e-7,806,350,44,0.126,0.055,GO:0030141,CC,11,secretory granule,4,"ENPP4,MGST1,MMP25,ALOX5,ACPP,SLC11A1,TIMP2,RAB27B,TMED2,MMP9,SIGLEC5,CAV2,BST1,FOLR3,ACRBP,VNN1,SPARC,PADI2,ARG1,CYSTM1,SLPI,SERPINB6,THBS1,MMRN1,ANXA3,S100A8,CDA,S100A9,S100A12,S100P,CLEC4D,CA4,RNASE2,TMED10,FPR2,LRG1,MCEMP1,FCAR,SERPINA1,PDGFA,F5,CR1,HP,MGAM"
1,TRUE,0.00368,183,350,15,0.043,0.082,GO:0101002,CC,11,ficolin-1-rich granule,5,"ENPP4,ALOX5,SLC11A1,TIMP2,MMP9,SIGLEC5,SERPINB6,CDA,CLEC4D,FPR2,LRG1,FCAR,SERPINA1,CR1,MGAM"
1,TRUE,1.9e-5,162,350,17,0.049,0.105,GO:0070820,CC,11,tertiary granule,5,"ENPP4,SLC11A1,TIMP2,MMP9,SIGLEC5,FOLR3,CYSTM1,SERPINB6,CDA,CLEC4D,FPR2,LRG1,MCEMP1,FCAR,CR1,HP,MGAM"
1,TRUE,0.0191,159,350,13,0.037,0.082,GO:0042581,CC,11,specific granule,5,"MMP25,TIMP2,BST1,FOLR3,ARG1,SLPI,ANXA3,CLEC4D,FPR2,LRG1,MCEMP1,FCAR,HP"
1,TRUE,0.00456,318,350,20,0.057,0.063,GO:0034774,CC,11,secretory granule lumen,5,"ALOX5,TIMP2,FOLR3,SPARC,PADI2,ARG1,SLPI,THBS1,MMRN1,S100A8,CDA,S100A9,S100A12,S100P,RNASE2,LRG1,SERPINA1,PDGFA,F5,HP"
1,TRUE,1.2e-5,292,350,23,0.066,0.079,GO:0030667,CC,11,secretory granule membrane,5,"ENPP4,MGST1,MMP25,ACPP,SLC11A1,RAB27B,TMED2,SIGLEC5,CAV2,BST1,ACRBP,VNN1,SPARC,CYSTM1,SERPINB6,CLEC4D,CA4,TMED10,FPR2,MCEMP1,FCAR,CR1,MGAM"
1,TRUE,0.0164,72,350,9,0.026,0.125,GO:0070821,CC,11,tertiary granule membrane,6,"SLC11A1,SIGLEC5,CYSTM1,SERPINB6,CLEC4D,FPR2,MCEMP1,FCAR,MGAM"
1,TRUE,0.00345,60,350,9,0.026,0.15,GO:0101003,CC,11,ficolin-1-rich granule membrane,6,"ENPP4,SLC11A1,SIGLEC5,SERPINB6,CLEC4D,FPR2,FCAR,CR1,MGAM"
1,TRUE,0.05,2,63,2,0.032,1,CORUM:408,cor,8,"Guanylyl cyclase, soluble (GUCY1A3, GUCY1B3)",1,"GUCY1B3,GUCY1A3"
1,TRUE,0.0291,1592,283,58,0.205,0.036,HPA:003010_12,hpa,14,"bone marrow; hematopoietic cells[Supported,Medium]",1,"TFPI,ALOX5,SLAMF7,THRAP3,MXD1,CCAR1,TBX21,IL4R,TMEM40,ANAPC5,GGA1,NCF4,IL2RB,GZMB,MMP9,SAMHD1,EEF1D,SIGLEC5,PF4V1,SPARC,LMNB1,BCL6,TFDP2,GNLY,PADI2,CALD1,SERPINB6,HIP1,DCAF8,NASP,ANXA1,DYSF,FLOT1,MMRN1,ANXA3,UQCRC2,ATP1B1,S100A8,GOLGA4,TCF7L2,MBNL1,DAB2,S100A9,S100A12,S100P,ERAP2,SDPR,HNRNPH1,RNASE2,TMED10,LRG1,CD163,MCEMP1,HLA-DQA1,CR1,MGAM,TAF15,HIST1H2AE"
1,TRUE,0.0127,37,158,6,0.038,0.162,KEGG:05332,keg,1,Graft-versus-host disease,1,"GZMB,KLRD1,HLA-DQB1,PRF1,HLA-DQA1,HLA-F"
1,TRUE,0.0322,34,236,6,0.025,0.176,REAC:5694530,rea,24,Cargo concentration in the ER,1,"TMED2,FOLR1,TGFA,TMED10,SERPINA1,F5"
1,TRUE,0.0115,91,236,10,0.042,0.11,REAC:877300,rea,18,Interferon gamma signaling,1,"GBP1,IRF5,NCAM1,GBP5,GBP4,HLA-DQB1,SOCS3,HLA-DQA1,FCGR1B,HLA-F"
1,TRUE,2.28e-7,2183,236,89,0.377,0.041,REAC:168256,rea,5,Immune System,1,"ENPP4,MGST1,MMP25,ALOX5,ACPP,SLC11A1,SLAMF7,TIMP2,CLEC2D,RORA,TXK,IL4R,PTPN4,ANAPC5,IRAK3,NCF4,IL2RB,MMP9,SAMHD1,SIGLEC5,BST1,FOLR3,KLRB1,VNN1,BCL6,CBLB,GNLY,IL1R2,IL1R1,AKT3,PADI2,GBP1,TNFSF4,ARG1,CYSTM1,PI3,SLPI,SERPINB6,IRF5,KLRD1,ANXA1,IL1RN,DUSP5,KLRG1,PRKACB,S100A8,TRIM4,HERC4,NCAM1,KLRF1,SH3RF1,GBP5,FBXO32,NRG1,CDA,GBP4,S100A9,S100A12,S100P,ERAP2,IFI27,SPRED1,CLEC4D,RNASE2,CXCL8,FPR2,LRG1,RNF213,TLR10,YES1,HLA-DQB1,MCEMP1,SOCS3,FCAR,LILRA5,TLR5,HLA-DQA1,PCBP2,SERPINA1,PDGFA,DNM3,FCGR1B,SH2D1B,CR1,HLA-F,HP,MGAM,CCL5,CCL4"
1,TRUE,0.0189,1365,236,52,0.22,0.038,REAC:168249,rea,5,Innate Immune System,2,"ENPP4,MGST1,MMP25,ALOX5,ACPP,SLC11A1,TIMP2,TXK,PTPN4,IRAK3,NCF4,IL2RB,MMP9,SIGLEC5,BST1,FOLR3,VNN1,GNLY,AKT3,PADI2,ARG1,CYSTM1,PI3,SLPI,SERPINB6,KLRD1,DUSP5,PRKACB,S100A8,NCAM1,NRG1,CDA,S100A9,S100A12,S100P,SPRED1,CLEC4D,RNASE2,FPR2,LRG1,TLR10,YES1,MCEMP1,FCAR,TLR5,PCBP2,SERPINA1,PDGFA,DNM3,CR1,HP,MGAM"
1,TRUE,0.0222,9934,366,192,0.525,0.019,TF:M01351_0,tf,19,Factor: hoxa9; motif: NCGGYCATWAAAWTANW; match class: 0,1,"ENPP4,TFPI,RBM5,PDK4,PHTF2,MATK,MGST1,TENM1,TRAF3IP3,ALOX5,KDM5D,ACPP,IKZF2,RAB27B,OFD1,SCML1,MXD1,CCAR1,MYLK,DDX3Y,RHOBTB1,ALPK1,DHRS9,HSPB11,GP6,PTPN4,TMEM40,ANAPC5,IRAK3,VNN3,NCF4,GZMB,SMAD7,GSPT1,SIGLEC5,CAV2,KRT23,PIGL,MED13,BST1,FNBP4,KLRB1,MAK,ZBTB24,ENPP5,LMNB1,BCL6,HGD,TFDP2,USP9Y,CBLB,KLHL24,MRPL19,IL1R2,AKT3,GBP1,TNFSF4,B4GALT6,ARG1,TJP2,WDR11,TSHZ3,PLBD1,CALD1,PI3,SERPINB6,NQO2,GPR18,STEAP4,CDKN1C,DCAF8,NASP,KLRD1,DSC2,ANXA1,PRR5L,DYSF,FGFBP2,FCHSD2,CASP5,DUSP5,MMRN1,ANXA3,MBNL2,WDR89,STON2,MCTP2,UQCRC2,VPS53,SMAD4,RPS11,PRKACB,ATP1B1,S100A8,KANSL1L,GOLGA4,GZMA,TRIM4,CEP78,PROSER2,TCF7L2,NCAM1,KLRF1,PRSS23,ZNF827,TMEM45B,TMEM267,GLT1D1,NMT2,MBNL1,GDPD1,GBP5,NRG1,KCNJ15,ALAS2,GART,RGL4,GPBP1L1,ALPL,GBP4,PUS10,TGFA,PYHIN1,WDFY3,CXCL5,S100P,GUCY1A3,CMBL,RHOBTB3,ERAP2,ALDH1A1,DACT1,ATP5C1,IFI27,AVPR1A,CLEC4D,CA4,SDPR,HNRNPH1,RNASE2,CXCL8,CLIC3,REPS2,PFKFB3,GPR27,FPR2,EXOSC1,RRM2,MACROD2,AHSA2,RNF213,TLR10,GK5,TMEM70,ZDHHC21,YES1,CD163,HLA-DQB1,F2R,C5ORF24,KLRC4,PTCH1,ZBTB6,FCAR,C2ORF88,ARL4C,AKR1C3,SEMA4A,ZNF431,HLA-DQA1,ZNF441,DTHD1,SERPINA1,DNM3,FCGR1B,SH2D1B,F5,PRMT6,GGTA1P,KLRC3,APOL6,LOC101927482,XIST,HOXB-AS1,NFE4,GOLGA8N,ASPRV1,N4BP2L2,GVINP1,HCAR3,CCL4,HIST1H2AE"
1,TRUE,0.0167,13197,366,242,0.661,0.018,TF:M01464_0,tf,28,Factor: HOXA10; motif: NNNGYAATAAAATNNW; match class: 0,1,"ENPP4,TMEM176A,TFPI,RBM5,PDK4,PHTF2,MGST1,MMP25,STAB1,ALOX5,KDM5D,ACPP,SLC38A5,IKZF2,TIMP2,RAB27B,SCML1,MXD1,CCAR1,DDX3Y,ZFY,RHOBTB1,MRVI1,DHRS9,TBX21,HSPB11,ABCB1,TMED2,PTPN4,TMEM40,ANAPC5,VNN3,GGA1,IL2RB,MMP9,TUBB1,SAMHD1,TSC22D1,WDR59,AQP9,SIGLEC5,CAV2,FAM208B,KRT23,MED13,MMD,MS4A6A,FOLR3,LIN7A,ACRBP,MAK,VNN1,ZBTB24,ENPP5,SPARC,LMNB1,HGD,USP9Y,CBLB,KLHL24,MRPL19,GLS,IL1R2,AKT3,SSX2IP,GBP1,TNFSF4,ARG1,TJP2,MLH3,WDR11,CYSTM1,PLBD1,TRMT13,CALD1,PLA2G12A,PI3,SERPINB6,HIP1,STEAP4,IRF5,LRRC6,CDKN1C,RPS4Y1,TXLNGY,GSE1,DCAF8,KLRD1,DSC2,ANXA1,IGF2BP3,IL1RN,KIF13A,FCHSD2,THBS1,DUSP5,RPS24,MMRN1,PDE5A,ANXA3,KLRG1,MBNL2,WDR89,STON2,MCTP2,UQCRC2,VPS53,SMAD4,PRKACB,ATP1B1,XCL1,S100A8,MEIS1,TMEFF2,KANSL1L,GOLGA4,GZMA,TRIM4,NFIB,PROSER2,HERC4,NCAM1,KLRF1,PRSS23,EPS8,ZNF827,ASAP2,TMEM267,GLT1D1,RABGAP1L,MBNL1,DAB2,MSI2,GDPD1,SH3RF1,GBP5,MAP3K7CL,TDRD9,NRG1,KCNJ15,AUTS2,ALAS2,GART,GPBP1L1,IKZF3,ASGR2,ALPL,GBP4,DENND2D,PUS10,TGFA,PPM1L,CXCL5,GUCY1A3,RHOBTB3,ERAP2,PAPD4,NFIL3,ALDH1A1,ATP5C1,IFI27,SPRED1,AVPR1A,CLEC4D,MS4A7,MS4A14,CA4,DHRS13,SDPR,BTNL3,ADRB2,P2RY12,REPS2,TMED10,PDGFD,FPR2,EXOSC1,HOPX,MACROD2,RPL38,MFSD4B,SULT1B1,NET1,TLR10,CHST2,GK5,GOLGA8A,TMEM70,C15ORF54,ZDHHC21,YES1,B3GNT5,BASP1,CD163,NSUN7,HLA-DQB1,PRF1,F2R,ZNF320,KLRC4,KREMEN1,TACSTD2,SOCS3,LRCH3,ZBTB6,FCAR,INSIG1,LILRA5,ARL4C,LOC400499,AKR1C3,ZNF431,HLA-DQA1,ANKRD36B,FUT11,ZNF441,DTHD1,PCBP2,SERPINA1,DNM3,SH2D1B,F5,PRMT6,CR1,HLA-F,ADGRG1,KLRC3,APOL6,LOC101927482,XIST,GOLGA8N,PLCXD2,A2M-AS1,HCAR3,LOC374443,HP,MGAM,NORAD,TAF15,CCL5,CCL4,HIST1H2AE"
1,TRUE,0.007,19415,366,328,0.896,0.017,TF:M00622_0,tf,21,Factor: C/EBPgamma; motif: YTBATTTCARAAW; match class: 0,1,"ENPP4,TMEM176A,TFPI,RBM5,PDK4,PHTF2,MGST1,MMP25,TENM1,TRAF3IP3,ALOX5,KDM5D,ACPP,SLC11A1,SLAMF7,IKZF2,TIMP2,RAB27B,OFD1,SCML1,THRAP3,MXD1,CCAR1,GUCY1B3,DGAT2,MYLK,DDX3Y,ZFY,CLEC2D,RORA,TGFBR3,RHOBTB1,MRVI1,ALPK1,DHRS9,TXK,IL4R,HSPB11,ABCB1,TMED2,GP6,PTPN4,ZNF302,IRAK3,LGALS2,IL2RB,GZMB,DDHD1,TUBB1,SAMHD1,CEP76,SMAD7,TSC22D1,WDR59,GSPT1,NKG7,SIGLEC5,NAMPT,CAV2,TMEM176B,FAM208B,KRT23,PIGL,MED13,MMD,PF4V1,BST1,FNBP4,MS4A6A,FOLR1,FOLR3,LIN7A,KLRB1,MAK,VNN1,ZBTB24,ENPP5,SPARC,LMNB1,HGD,USP9Y,CBLB,NKTR,MRPL19,GLS,GNLY,IL1R2,IL1R1,AKT3,PADI2,SSX2IP,GBP1,TNFSF4,B4GALT6,ARG1,TJP2,MLH3,WDR11,CYSTM1,TSHZ3,PLBD1,TRMT13,CALD1,PI3,SLPI,NQO2,GPR18,SGPP1,HIP1,STEAP4,IRF5,LRRC6,CDKN1C,RPS4Y1,TXLNGY,GSE1,DCAF8,NASP,KLRD1,SPX,DSC2,ANXA1,PRR5L,DYSF,IGF2BP3,IL1RN,KIF13A,FGFBP2,FCHSD2,SYTL2,CREBZF,CASP5,THBS1,DUSP5,RPS24,MMRN1,PDE5A,ANXA3,KLRG1,MBNL2,WDR89,STON2,MCTP2,VPS53,SMAD4,RPS11,PRKACB,ATP1B1,XCL1,S100A8,MEIS1,TMEFF2,KANSL1L,ROPN1L,GZMA,TRIM4,NFIB,CEP78,PROSER2,HERC4,TCF7L2,NCAM1,KLRF1,PRSS23,EPS8,ZNF827,ASAP2,TMEM45B,ACSL1,TMEM267,GLT1D1,RABGAP1L,NMT2,MBNL1,DAB2,MSI2,GDPD1,GBP5,MAP3K7CL,TDRD9,FBXO32,NRG1,KCNJ15,AUTS2,ALAS2,CDA,GART,RGL4,GPBP1L1,PRMT2,PCSK7,IKZF3,ASGR2,TTC9C,ALPL,GBP4,DENND2D,PUS10,S100A12,TGFA,PYHIN1,PPM1L,WDFY3,CXCL5,GUCY1A3,CMBL,RHOBTB3,ERAP2,PAPD4,NFIL3,ALDH1A1,DACT1,ATP5C1,SPRED1,AVPR1A,CLEC4D,MS4A7,MS4A14,DHRS13,PTGDR,SDPR,BTNL3,HNRNPH1,ADRB2,P2RY12,RNASE2,CXCL8,CLIC3,REPS2,TMED10,PFKFB3,PDGFD,FPR2,LRG1,EXOSC1,HOPX,RRM2,TEFM,MACROD2,RPL38,AHSA2,MFSD4B,SULT1B1,HEG1,RNF213,NET1,TLR10,CHST2,GK5,GOLGA8A,TMEM70,C15ORF54,SFN,ZDHHC21,YES1,B3GNT5,BASP1,CD163,NSUN7,HLA-DQB1,PRF1,TMEM64,S1PR5,F2R,TMEM45A,C5ORF24,ZNF320,MCEMP1,KLRC4,NOG,KREMEN1,TACSTD2,SOCS3,MYBL1,PTCH1,LRCH3,ZBTB6,FCAR,LILRA5,TLR5,C2ORF88,PEAR1,LOC400499,AKR1C3,SEMA4A,ZNF431,HLA-DQA1,ANKRD36B,FUT11,ZNF441,DTHD1,PCBP2,DNM3,FCGR1B,SH2D1B,EIF1AY,F5,PRMT6,MFAP3L,CR1,GGTA1P,HLA-F,KLRC3,THUMPD3-AS1,KANSL1-AS1,APOL6,LOC101927482,EPHA1-AS1,XIST,HOXB-AS1,NFE4,GOLGA8N,PLCXD2,ASPRV1,N4BP2L2,A2M-AS1,RAB30-AS1,CCDC71L,GVINP1,HCAR3,LOC374443,HP,MGAM,NORAD,TAF15,CCL5,CCL4,HIST1H2AE"
1,TRUE,0.00249,13769,366,254,0.694,0.018,TF:M00622_1,tf,21,Factor: C/EBPgamma; motif: YTBATTTCARAAW; match class: 1,2,"ENPP4,TMEM176A,TFPI,RBM5,PDK4,PHTF2,MGST1,TRAF3IP3,ALOX5,KDM5D,ACPP,SLAMF7,IKZF2,RAB27B,OFD1,THRAP3,MXD1,GUCY1B3,MYLK,ZFY,RORA,TGFBR3,RHOBTB1,MRVI1,ALPK1,DHRS9,TXK,IL4R,ABCB1,TMED2,LGALS2,IL2RB,GZMB,SAMHD1,CEP76,SMAD7,TSC22D1,WDR59,GSPT1,NAMPT,CAV2,TMEM176B,FAM208B,KRT23,PIGL,MED13,MMD,PF4V1,MS4A6A,FOLR1,FOLR3,LIN7A,KLRB1,MAK,VNN1,ZBTB24,ENPP5,LMNB1,HGD,USP9Y,CBLB,NKTR,MRPL19,GLS,GNLY,IL1R2,IL1R1,AKT3,SSX2IP,GBP1,TNFSF4,B4GALT6,ARG1,TJP2,MLH3,WDR11,CYSTM1,TSHZ3,PLBD1,TRMT13,CALD1,PI3,SLPI,NQO2,GPR18,SGPP1,HIP1,STEAP4,IRF5,LRRC6,CDKN1C,RPS4Y1,GSE1,DCAF8,NASP,KLRD1,SPX,DSC2,ANXA1,PRR5L,IGF2BP3,IL1RN,FGFBP2,FCHSD2,SYTL2,CREBZF,CASP5,RPS24,MMRN1,PDE5A,ANXA3,KLRG1,MBNL2,WDR89,STON2,MCTP2,VPS53,SMAD4,RPS11,PRKACB,ATP1B1,XCL1,S100A8,MEIS1,KANSL1L,ROPN1L,GZMA,TRIM4,NFIB,CEP78,HERC4,TCF7L2,NCAM1,KLRF1,PRSS23,EPS8,ZNF827,ASAP2,TMEM45B,ACSL1,TMEM267,GLT1D1,MBNL1,DAB2,MSI2,GDPD1,GBP5,MAP3K7CL,TDRD9,NRG1,KCNJ15,AUTS2,GART,GPBP1L1,PRMT2,PCSK7,IKZF3,GBP4,DENND2D,PUS10,S100A12,TGFA,PYHIN1,PPM1L,WDFY3,GUCY1A3,RHOBTB3,ERAP2,PAPD4,NFIL3,ALDH1A1,DACT1,ATP5C1,SPRED1,AVPR1A,CLEC4D,MS4A7,MS4A14,DHRS13,HNRNPH1,RNASE2,CXCL8,CLIC3,REPS2,PDGFD,FPR2,LRG1,EXOSC1,HOPX,TEFM,MACROD2,RPL38,MFSD4B,SULT1B1,HEG1,NET1,CHST2,GOLGA8A,C15ORF54,SFN,ZDHHC21,YES1,B3GNT5,CD163,HLA-DQB1,PRF1,TMEM64,F2R,TMEM45A,C5ORF24,ZNF320,KLRC4,TACSTD2,SOCS3,MYBL1,PTCH1,LRCH3,ZBTB6,FCAR,PEAR1,LOC400499,AKR1C3,SEMA4A,ZNF431,ANKRD36B,ZNF441,DTHD1,PCBP2,DNM3,FCGR1B,SH2D1B,F5,PRMT6,MFAP3L,CR1,GGTA1P,KLRC3,KANSL1-AS1,APOL6,XIST,GOLGA8N,PLCXD2,ASPRV1,N4BP2L2,A2M-AS1,RAB30-AS1,CCDC71L,GVINP1,HCAR3,LOC374443,HP,MGAM,TAF15,HIST1H2AE"
1,TRUE,0.0497,11214,366,210,0.574,0.019,TF:M07413_0,tf,23,Factor: C/EBPbeta; motif: ATTGCGYAAT; match class: 0,1,"ENPP4,TMEM176A,TFPI,PDK4,PHTF2,MATK,STAB1,KDM5D,ACPP,SLAMF7,IKZF2,TIMP2,SCML1,CCAR1,GUCY1B3,MYLK,ZFY,CLEC2D,RORA,RHOBTB1,ALPK1,TXK,IL4R,TMED2,ZNF302,IRAK3,GGA1,IL2RB,MMP9,SAMHD1,SMAD7,EEF1D,NAMPT,TMEM176B,FAM208B,KRT23,PIGL,MED13,MMD,PF4V1,BST1,FNBP4,MS4A6A,FOLR3,LIN7A,MAK,VNN1,ZBTB24,ENPP5,SPARC,LMNB1,BCL6,TFDP2,KLHL24,NKTR,MRPL19,GLS,IL1R2,AKT3,SSX2IP,GBP1,TNFSF4,B4GALT6,ARG1,TJP2,WDR11,TSHZ3,CALD1,PI3,SLPI,SERPINB6,NQO2,SGPP1,HIP1,STEAP4,LRRC6,RPS4Y1,TXLNGY,DCAF8,KLRD1,ANXA1,PRR5L,YME1L1,SYTL2,CREBZF,CASP5,THBS1,RPS24,MMRN1,PDE5A,KLRG1,WDR89,MCTP2,UQCRC2,VPS53,RPS11,PRKACB,ATP1B1,XCL1,S100A8,MEIS1,TMEFF2,GOLGA4,ROPN1L,GZMA,CEP78,PROSER2,HERC4,TCF7L2,ADM,NCAM1,KLRF1,PRSS23,EPS8,TMEM45B,RABGAP1L,MBNL1,DAB2,MSI2,GDPD1,SH3RF1,GBP5,ADAMTS1,MAP3K7CL,FBXO32,KCNJ15,CDA,GART,RGL4,PRMT2,TTC9C,DENND2D,PUS10,S100A9,S100A12,PYHIN1,WDFY3,CXCL5,RHOBTB3,ERAP2,NFIL3,ALDH1A1,DACT1,ATP5C1,SPRED1,AVPR1A,MS4A7,MS4A14,PTGDR,SDPR,HNRNPH1,ADRB2,P2RY12,RNASE2,CXCL8,CLIC3,GPR27,PDGFD,EXOSC1,HOPX,MACROD2,SULT1B1,TLR10,TMEM70,C15ORF54,BASP1,CD163,HLA-DQB1,TMEM64,F2R,TMEM45A,C5ORF24,ZNF320,MCEMP1,KLRC4,MYBL1,LRCH3,ZBTB6,FCAR,TLR5,C2ORF88,AKR1C3,ZNF431,FUT11,DTHD1,PCBP2,PDGFA,DNM3,FCGR1B,EIF1AY,CR1,GGTA1P,KLRC3,THUMPD3-AS1,KANSL1-AS1,APOL6,EPHA1-AS1,XIST,NFE4,ASPRV1,A2M-AS1,RAB30-AS1,CCDC71L,HCAR3,LOC374443,HP,NORAD,TAF15,CCL5,HIST1H2AE"
1,TRUE,0.0133,10768,366,206,0.563,0.019,TF:M01872_0,tf,4,Factor: DBP; motif: TTWTGYAA; match class: 0,1,"TMEM176A,MATK,MGST1,MMP25,TENM1,SLAMF7,IKZF2,SCML1,GUCY1B3,DGAT2,MYLK,ZFY,RORA,RHOBTB1,MRVI1,ALPK1,HSPB11,ABCB1,TMED2,PTPN4,LGALS2,IL2RB,TUBB1,CEP76,GSPT1,AQP9,NAMPT,CAV2,KRT23,MED13,MMD,PF4V1,BST1,MS4A6A,FOLR1,FOLR3,KLRB1,VNN1,ZBTB24,ENPP5,SPARC,HGD,TFDP2,USP9Y,CBLB,NKTR,MRPL19,GLS,IL1R2,IL1R1,AKT3,SSX2IP,GBP1,TNFSF4,ARG1,TJP2,PLBD1,CALD1,PI3,SLPI,SERPINB6,NQO2,GPR18,SGPP1,STEAP4,IRF5,LRRC6,RPS4Y1,TXLNGY,NASP,KLRD1,ANXA1,PRR5L,DYSF,IGF2BP3,YME1L1,KIF13A,FLOT1,SYTL2,CREBZF,DUSP5,RPS24,MMRN1,KLRG1,MBNL2,MCTP2,UQCRC2,VPS53,SMAD4,PRKACB,S100A8,MEIS1,KANSL1L,ROPN1L,GZMA,PROSER2,HERC4,TCF7L2,ADM,NCAM1,KLRF1,PRSS23,EPS8,ASAP2,TMEM45B,GLT1D1,MBNL1,DAB2,SH3RF1,GBP5,ADAMTS1,NRG1,ALAS2,CDA,GART,RGL4,GPBP1L1,PRMT2,PCSK7,IKZF3,ASGR2,TTC9C,ALPL,GBP4,DENND2D,PUS10,S100A9,S100A12,PYHIN1,WDFY3,CXCL5,GUCY1A3,RHOBTB3,PAPD4,NFIL3,ALDH1A1,IFI27,SPRED1,AVPR1A,MS4A7,MS4A14,PTGDR,SDPR,HNRNPH1,ADRB2,P2RY12,CXCL8,TMED10,GPR27,PDGFD,EXOSC1,HOPX,RRM2,TEFM,RPL38,SULT1B1,HEG1,NET1,TLR10,GOLGA8A,C15ORF54,ZDHHC21,YES1,CD163,HLA-DQB1,PRF1,TMEM64,F2R,C5ORF24,KLRC4,TACSTD2,SOCS3,MYBL1,LRCH3,FCAR,INSIG1,AKR1C3,ZNF431,ANKRD36B,FUT11,ZNF441,PCBP2,FCGR1B,F5,MFAP3L,CR1,ADGRG1,KLRC3,THUMPD3-AS1,KANSL1-AS1,APOL6,EPHA1-AS1,XIST,HOXB-AS1,NFE4,PLCXD2,N4BP2L2,A2M-AS1,RAB30-AS1,CCDC71L,HCAR3,LOC374443,MGAM,NORAD,TAF15,CCL4"
1,TRUE,0.00662,12059,366,227,0.62,0.019,TF:M00109_0,tf,16,Factor: C/EBPbeta; motif: RNRTKDNGMAAKNN; match class: 0,1,"ENPP4,TFPI,PHTF2,MGST1,MMP25,TRAF3IP3,STAB1,ALOX5,KDM5D,ACPP,SLAMF7,IKZF2,TIMP2,RAB27B,SCML1,DGAT2,DDX3Y,ZFY,RORA,TGFBR3,RHOBTB1,ALPK1,TXK,IL4R,ABCB1,TMED2,PTPN4,ZNF302,IRAK3,VNN3,LGALS2,GZMB,DDHD1,MMP9,TUBB1,WDR59,SIGLEC5,NAMPT,CAV2,FAM208B,KRT23,PIGL,MED13,PF4V1,MS4A6A,FOLR3,LIN7A,KLRB1,VNN1,ENPP5,SPARC,BCL6,HGD,TFDP2,CBLB,KLHL24,NKTR,MRPL19,GLS,GNLY,IL1R2,IL1R1,AKT3,GBP1,TNFSF4,B4GALT6,ARG1,MLH3,WDR11,TSHZ3,PLBD1,CALD1,PI3,SLPI,NQO2,GPR18,SGPP1,STEAP4,IRF5,RPS4Y1,TXLNGY,DCAF8,NASP,SPX,DSC2,ANXA1,KIF13A,FGFBP2,SYTL2,CREBZF,CASP5,THBS1,DUSP5,RPS24,MMRN1,PDE5A,ANXA3,KLRG1,MBNL2,WDR89,MCTP2,UQCRC2,VPS53,SMAD4,RPS11,PRKACB,ATP1B1,XCL1,MEIS1,TMEFF2,KANSL1L,GOLGA4,ROPN1L,GZMA,NFIB,CEP78,PROSER2,TCF7L2,NCAM1,KLRF1,TMEM45B,ACSL1,NMT2,MBNL1,DAB2,GDPD1,SH3RF1,GBP5,NRG1,KCNJ15,AUTS2,CDA,PRMT2,IKZF3,ASGR2,TTC9C,GBP4,DENND2D,PUS10,S100A9,PPM1L,WDFY3,CXCL5,CMBL,ERAP2,PAPD4,NFIL3,DACT1,IFI27,AVPR1A,CLEC4D,MS4A7,MS4A14,CA4,PTGDR,SDPR,HNRNPH1,ADRB2,CXCL8,CLIC3,REPS2,TMED10,PFKFB3,PDGFD,FPR2,LRG1,EXOSC1,HOPX,MACROD2,AHSA2,MFSD4B,SULT1B1,HEG1,RNF213,NET1,CHST2,GK5,GOLGA8A,C15ORF54,ZDHHC21,YES1,B3GNT5,TMEM64,S1PR5,F2R,LIMK2,MCEMP1,KLRC4,MYBL1,LRCH3,FCAR,INSIG1,LILRA5,TLR5,ARL4C,AKR1C3,HLA-DQA1,ANKRD36B,FUT11,DTHD1,PCBP2,SERPINA1,DNM3,FCGR1B,SH2D1B,EIF1AY,MFAP3L,CR1,GGTA1P,KLRC3,KANSL1-AS1,APOL6,LOC101927482,EPHA1-AS1,HOXB-AS1,NFE4,GOLGA8N,PLCXD2,ASPRV1,A2M-AS1,GVINP1,HCAR3,HP,MGAM,NORAD,CCL5,HIST1H2AE"
1,TRUE,0.00285,15775,366,282,0.77,0.018,TF:M04063_0,tf,15,Factor: Pax-4; motif: SWAATWAN; match class: 0,1,"ENPP4,TFPI,RBM5,PDK4,MGST1,MMP25,TENM1,TRAF3IP3,ALOX5,KDM5D,ACPP,SLC38A5,SLAMF7,IKZF2,TIMP2,RAB27B,SCML1,THRAP3,MXD1,GUCY1B3,MYLK,DDX3Y,ZFY,CLEC2D,RORA,TGFBR3,ALPK1,DHRS9,TBX21,TXK,IL4R,HSPB11,ABCB1,TMED2,PTPN4,ANAPC5,ZNF302,IRAK3,VNN3,LGALS2,NCF4,GZMB,DDHD1,TUBB1,SAMHD1,CEP76,SMAD7,TSC22D1,GSPT1,AQP9,NAMPT,CAV2,FAM208B,KRT23,MED13,MMD,PF4V1,BST1,FNBP4,MS4A6A,FOLR1,FOLR3,LIN7A,ACRBP,KLRB1,MAK,VNN1,ZBTB24,ENPP5,SPARC,LMNB1,BCL6,HGD,TFDP2,CBLB,GLS,IL1R2,AKT3,SSX2IP,GBP1,TNFSF4,B4GALT6,ARG1,TJP2,MLH3,WDR11,CYSTM1,TSHZ3,TRMT13,CALD1,PLA2G12A,PI3,SLPI,SERPINB6,GPR18,HIP1,STEAP4,LRRC6,RPS4Y1,TXLNGY,DCAF8,NASP,KLRD1,SPX,DSC2,ANXA1,DYSF,IGF2BP3,IL1RN,YME1L1,KIF13A,FLOT1,FCHSD2,SYTL2,CREBZF,CASP5,MMRN1,PDE5A,ANXA3,KLRG1,MBNL2,WDR89,STON2,MCTP2,UQCRC2,VPS53,SMAD4,PRKACB,ATP1B1,XCL1,S100A8,MEIS1,TMEFF2,KANSL1L,GOLGA4,ROPN1L,TRIM4,NFIB,CEP78,HERC4,TCF7L2,NCAM1,KLRF1,PRSS23,EPS8,ZNF827,TMEM45B,ACSL1,TMEM267,GLT1D1,NMT2,DAB2,MSI2,GDPD1,SH3RF1,GBP5,MAP3K7CL,FBXO32,NRG1,KCNJ15,AUTS2,ALAS2,RGL4,GPBP1L1,PRMT2,PCSK7,IKZF3,TTC9C,GBP4,DENND2D,PUS10,S100A9,S100A12,PYHIN1,WDFY3,S100P,GUCY1A3,CMBL,RHOBTB3,ERAP2,PAPD4,NFIL3,ALDH1A1,DACT1,ATP5C1,SPRED1,AVPR1A,CLEC4D,MS4A14,CA4,PTGDR,SDPR,BTNL3,HNRNPH1,ADRB2,P2RY12,RNASE2,CXCL8,REPS2,TMED10,PFKFB3,GPR27,PDGFD,FPR2,HOPX,TEFM,MACROD2,MFSD4B,SULT1B1,RNF213,NET1,TLR10,CHST2,GOLGA8A,TMEM70,C15ORF54,SFN,YES1,BASP1,CD163,NSUN7,HLA-DQB1,PRF1,TMEM64,F2R,TMEM45A,C5ORF24,ZNF320,MCEMP1,KLRC4,NOG,TACSTD2,SOCS3,MYBL1,PTCH1,LRCH3,ZBTB6,FCAR,LILRA5,TLR5,C2ORF88,ARL4C,AKR1C3,SEMA4A,ZNF431,HLA-DQA1,ANKRD36B,FUT11,ZNF441,DTHD1,PCBP2,SLC22A4,DNM3,FCGR1B,SH2D1B,EIF1AY,F5,MFAP3L,CR1,HLA-F,KLRC3,THUMPD3-AS1,KANSL1-AS1,APOL6,LOC101927482,EPHA1-AS1,XIST,HOXB-AS1,NFE4,PLCXD2,ASPRV1,N4BP2L2,A2M-AS1,RAB30-AS1,CCDC71L,GVINP1,HCAR3,LOC374443,MGAM,TAF15,CCL4,HIST1H2AE"
1,TRUE,0.0203,6697,366,140,0.383,0.021,TF:M00672_1,tf,31,Factor: TEF; motif: ATGTTWAYATAA; match class: 1,1,"TMEM176A,TFPI,PHTF2,TENM1,ACPP,SLC11A1,IKZF2,RAB27B,OFD1,SCML1,MXD1,ZFY,TGFBR3,RHOBTB1,ALPK1,DHRS9,TXK,HSPB11,ABCB1,GP6,PTPN4,ZNF302,IRAK3,VNN3,GZMB,SAMHD1,TSC22D1,NAMPT,FAM208B,MED13,BST1,FOLR1,KLRB1,VNN1,ZBTB24,USP9Y,CBLB,GLS,IL1R1,AKT3,GBP1,PLA2G12A,PI3,GPR18,STEAP4,RPS4Y1,TXLNGY,KLRD1,ANXA1,PRR5L,IL1RN,FCHSD2,CREBZF,MMRN1,PDE5A,ANXA3,KLRG1,MBNL2,MCTP2,UQCRC2,VPS53,PRKACB,XCL1,TMEFF2,ROPN1L,GZMA,TRIM4,NFIB,HERC4,NCAM1,KLRF1,EPS8,ASAP2,TMEM267,RABGAP1L,NMT2,GBP5,ADAMTS1,NRG1,KCNJ15,ALAS2,PRMT2,PCSK7,GBP4,DENND2D,S100A12,PYHIN1,WDFY3,RHOBTB3,ERAP2,NFIL3,ALDH1A1,DACT1,SPRED1,AVPR1A,CLEC4D,MS4A14,BTNL3,ADRB2,P2RY12,RNASE2,TMED10,GPR27,PDGFD,HOPX,MACROD2,MFSD4B,NET1,CHST2,GK5,TMEM70,C15ORF54,ZDHHC21,YES1,CD163,TMEM45A,KLRC4,MYBL1,C2ORF88,LOC400499,AKR1C3,ZNF431,HLA-DQA1,ZNF441,PCBP2,DNM3,FCGR1B,SH2D1B,EIF1AY,F5,PRMT6,CR1,KLRC3,APOL6,LOC101927482,GOLGA8N,RAB30-AS1,LOC374443,HP,MGAM"
1,TRUE,0.0386,18973,366,320,0.874,0.017,TF:M03581_0,tf,10,Factor: TBP; motif: NGNNTATAAAA; match class: 0,1,"ENPP4,TMEM176A,TFPI,PDK4,PHTF2,MATK,MGST1,MMP25,TENM1,TRAF3IP3,STAB1,ALOX5,KDM5D,ACPP,SLAMF7,IKZF2,TIMP2,RAB27B,OFD1,SCML1,THRAP3,MXD1,CCAR1,GUCY1B3,DGAT2,MYLK,DDX3Y,ZFY,CLEC2D,RHOBTB1,MRVI1,ALPK1,DHRS9,TXK,IL4R,HSPB11,ABCB1,TMED2,GP6,PTPN4,TMEM40,ANAPC5,ZNF302,IRAK3,VNN3,NCF4,IL2RB,DDHD1,MMP9,TUBB1,SAMHD1,CEP76,SMAD7,TSC22D1,WDR59,GSPT1,AQP9,SIGLEC5,NAMPT,CAV2,TMEM176B,FAM208B,KRT23,PIGL,MED13,MMD,PF4V1,BST1,FNBP4,MS4A6A,FOLR1,FOLR3,LIN7A,MAK,VNN1,ZBTB24,ENPP5,SPARC,LMNB1,HGD,TFDP2,USP9Y,CBLB,KLHL24,NKTR,MRPL19,GLS,GNLY,IL1R2,AKT3,SSX2IP,GBP1,TNFSF4,ARG1,MLH3,WDR11,CYSTM1,TSHZ3,PLBD1,TRMT13,CALD1,PLA2G12A,PI3,SLPI,SERPINB6,NQO2,GPR18,SGPP1,HIP1,STEAP4,LRRC6,CDKN1C,RPS4Y1,TXLNGY,GSE1,DCAF8,NASP,KLRD1,SPX,DSC2,ANXA1,PRR5L,IGF2BP3,IL1RN,YME1L1,KIF13A,FLOT1,FGFBP2,FCHSD2,SYTL2,CREBZF,CASP5,THBS1,DUSP5,RPS24,MMRN1,ANXA3,KLRG1,MBNL2,WDR89,STON2,MCTP2,UQCRC2,VPS53,SMAD4,PRKACB,ATP1B1,XCL1,S100A8,MEIS1,TMEFF2,KANSL1L,GOLGA4,ROPN1L,GZMA,TRIM4,NFIB,CEP78,PROSER2,HERC4,TCF7L2,NCAM1,KLRF1,PRSS23,EPS8,ZNF827,ASAP2,TMEM45B,ACSL1,TMEM267,GLT1D1,RABGAP1L,NMT2,MBNL1,DAB2,MSI2,GDPD1,SH3RF1,GBP5,ADAMTS1,TDRD9,FBXO32,NRG1,KCNJ15,ALAS2,GART,GPBP1L1,PRMT2,PCSK7,IKZF3,TTC9C,GBP4,PUS10,S100A9,S100A12,TGFA,PYHIN1,PPM1L,WDFY3,CXCL5,GUCY1A3,CMBL,RHOBTB3,ERAP2,PAPD4,NFIL3,ALDH1A1,DACT1,IFI27,SPRED1,AVPR1A,CLEC4D,MS4A7,MS4A14,CA4,DHRS13,PTGDR,SDPR,ADRB2,P2RY12,RNASE2,CXCL8,REPS2,TMED10,PFKFB3,GPR27,PDGFD,FPR2,EXOSC1,HOPX,RRM2,TEFM,RPL38,AHSA2,MFSD4B,SULT1B1,HEG1,NET1,TLR10,CHST2,GK5,GOLGA8A,TMEM70,C15ORF54,SFN,ZDHHC21,YES1,BASP1,CD163,NSUN7,HLA-DQB1,PRF1,TMEM64,F2R,TMEM45A,C5ORF24,LIMK2,ZNF320,MCEMP1,KLRC4,NOG,KREMEN1,TACSTD2,SOCS3,MYBL1,PTCH1,LRCH3,ZBTB6,INSIG1,LILRA5,C2ORF88,PEAR1,ARL4C,LOC400499,AKR1C3,ZNF431,HLA-DQA1,ANKRD36B,ZNF441,DTHD1,PCBP2,SLC22A4,SERPINA1,PDGFA,DNM3,FCGR1B,SH2D1B,EIF1AY,F5,PRMT6,MFAP3L,CR1,GGTA1P,HLA-F,KLRC3,THUMPD3-AS1,KANSL1-AS1,APOL6,LOC101927482,EPHA1-AS1,XIST,HOXB-AS1,NFE4,GOLGA8N,SMIM1,PLCXD2,ASPRV1,N4BP2L2,A2M-AS1,RAB30-AS1,CCDC71L,GVINP1,HCAR3,LOC374443,HP,MGAM,TAF15,CCL5,CCL4,HIST1H2AE"
1,TRUE,0.00768,19019,366,323,0.883,0.017,TF:M02087_1,tf,22,Factor: CDX-2; motif: TTTATN; match class: 1,1,"ENPP4,TMEM176A,TFPI,RBM5,PDK4,PHTF2,MGST1,TENM1,TRAF3IP3,ALOX5,KDM5D,ACPP,SLAMF7,IKZF2,TIMP2,RAB27B,OFD1,SCML1,THRAP3,MXD1,CCAR1,GUCY1B3,DGAT2,MYLK,DDX3Y,ZFY,CLEC2D,RORA,TGFBR3,RHOBTB1,MRVI1,ALPK1,DHRS9,TBX21,TXK,IL4R,HSPB11,ABCB1,TMED2,GP6,PTPN4,TMEM40,ANAPC5,ZNF302,IRAK3,VNN3,LGALS2,NCF4,IL2RB,GZMB,DDHD1,MMP9,TUBB1,SAMHD1,CEP76,SMAD7,TSC22D1,WDR59,GSPT1,AQP9,NKG7,SIGLEC5,NAMPT,CAV2,FAM208B,KRT23,PIGL,MED13,MMD,PF4V1,BST1,FNBP4,MS4A6A,FOLR1,FOLR3,LIN7A,KLRB1,MAK,VNN1,ZBTB24,ENPP5,SPARC,LMNB1,BCL6,HGD,TFDP2,USP9Y,CBLB,KLHL24,NKTR,MRPL19,GLS,IL1R1,AKT3,SSX2IP,GBP1,TNFSF4,B4GALT6,ARG1,TJP2,MLH3,WDR11,CYSTM1,TSHZ3,PLBD1,TRMT13,CALD1,PLA2G12A,PI3,SLPI,SERPINB6,NQO2,GPR18,SGPP1,STEAP4,IRF5,LRRC6,CDKN1C,RPS4Y1,TXLNGY,DCAF8,NASP,KLRD1,SPX,DSC2,ANXA1,PRR5L,DYSF,IGF2BP3,YME1L1,KIF13A,FLOT1,FCHSD2,SYTL2,CREBZF,CASP5,RPS24,MMRN1,PDE5A,ANXA3,KLRG1,MBNL2,STON2,MCTP2,UQCRC2,VPS53,SMAD4,RPS11,PRKACB,ATP1B1,XCL1,S100A8,MEIS1,KANSL1L,GOLGA4,ROPN1L,GZMA,TRIM4,NFIB,CEP78,PROSER2,HERC4,TCF7L2,ADM,NCAM1,KLRF1,PRSS23,EPS8,ZNF827,ASAP2,TMEM45B,ACSL1,TMEM267,RABGAP1L,NMT2,MBNL1,DAB2,MSI2,GDPD1,SH3RF1,GBP5,ADAMTS1,MAP3K7CL,TDRD9,FBXO32,NRG1,KCNJ15,AUTS2,ALAS2,GART,GPBP1L1,PRMT2,PCSK7,IKZF3,ASGR2,GBP4,PUS10,S100A9,S100A12,TGFA,PYHIN1,PPM1L,WDFY3,CXCL5,GUCY1A3,CMBL,RHOBTB3,ERAP2,PAPD4,NFIL3,ALDH1A1,DACT1,ATP5C1,IFI27,SPRED1,AVPR1A,CLEC4D,MS4A7,MS4A14,CA4,DHRS13,PTGDR,SDPR,BTNL3,HNRNPH1,P2RY12,RNASE2,CXCL8,REPS2,TMED10,GPR27,PDGFD,FPR2,LRG1,EXOSC1,HOPX,RRM2,TEFM,MACROD2,RPL38,AHSA2,MFSD4B,SULT1B1,RNF213,NET1,TLR10,CHST2,GK5,GOLGA8A,TMEM70,C15ORF54,SFN,ZDHHC21,YES1,B3GNT5,BASP1,CD163,NSUN7,HLA-DQB1,PRF1,F2R,TMEM45A,C5ORF24,ZNF320,KLRC4,NOG,KREMEN1,TACSTD2,MYBL1,PTCH1,LRCH3,ZBTB6,FCAR,INSIG1,LILRA5,TLR5,C2ORF88,PEAR1,ARL4C,AKR1C3,ZNF431,HLA-DQA1,ANKRD36B,FUT11,ZNF441,DTHD1,PCBP2,DNM3,FCGR1B,SH2D1B,EIF1AY,F5,PRMT6,MFAP3L,CR1,GGTA1P,HLA-F,ADGRG1,KLRC3,THUMPD3-AS1,KANSL1-AS1,APOL6,LOC101927482,EPHA1-AS1,XIST,HOXB-AS1,NFE4,GOLGA8N,PLCXD2,N4BP2L2,A2M-AS1,RAB30-AS1,CCDC71L,GVINP1,HCAR3,LOC374443,HP,MGAM,NORAD,TAF15,CCL5,CCL4,HIST1H2AE"
1,TRUE,0.0364,15822,366,278,0.76,0.018,TF:M00795_0,tf,25,Factor: Octamer; motif: TNATTTGCATN; match class: 0,1,"ENPP4,TMEM176A,TFPI,RBM5,PDK4,PHTF2,MGST1,TENM1,TRAF3IP3,STAB1,ALOX5,KDM5D,ACPP,SLC11A1,SLAMF7,IKZF2,RAB27B,OFD1,SCML1,MXD1,CCAR1,GUCY1B3,MYLK,DDX3Y,ZFY,RORA,TGFBR3,RHOBTB1,MRVI1,ALPK1,DHRS9,TBX21,IL4R,ABCB1,TMED2,GP6,PTPN4,TMEM40,ANAPC5,VNN3,LGALS2,IL2RB,DDHD1,TUBB1,CEP76,SMAD7,TSC22D1,GSPT1,AQP9,CAV2,FAM208B,PIGL,MED13,MMD,PF4V1,FNBP4,MS4A6A,FOLR1,FOLR3,LIN7A,KLRB1,MAK,VNN1,ENPP5,LMNB1,HGD,TFDP2,USP9Y,CBLB,NKTR,MRPL19,GLS,IL1R2,IL1R1,AKT3,PADI2,SSX2IP,GBP1,TNFSF4,B4GALT6,ARG1,MLH3,WDR11,CYSTM1,PLBD1,TRMT13,CALD1,PLA2G12A,PI3,SLPI,SERPINB6,NQO2,GPR18,SGPP1,HIP1,STEAP4,LRRC6,CDKN1C,RPS4Y1,TXLNGY,GSE1,DCAF8,NASP,KLRD1,SPX,DSC2,ANXA1,PRR5L,DYSF,IGF2BP3,YME1L1,KIF13A,FGFBP2,FCHSD2,SYTL2,CREBZF,CASP5,RPS24,PDE5A,ANXA3,KLRG1,MBNL2,WDR89,STON2,MCTP2,VPS53,SMAD4,ATP1B1,XCL1,S100A8,TMEFF2,KANSL1L,GOLGA4,ROPN1L,GZMA,TRIM4,NFIB,HERC4,TCF7L2,ADM,NCAM1,KLRF1,EPS8,ZNF827,TMEM267,RABGAP1L,NMT2,MBNL1,DAB2,MSI2,GDPD1,SH3RF1,GBP5,ADAMTS1,MAP3K7CL,TDRD9,NRG1,KCNJ15,ALAS2,CDA,GART,RGL4,GPBP1L1,PRMT2,PCSK7,IKZF3,ASGR2,GBP4,PUS10,S100A9,S100A12,TGFA,PYHIN1,PPM1L,CXCL5,S100P,CMBL,RHOBTB3,ERAP2,PAPD4,ALDH1A1,DACT1,ATP5C1,IFI27,SPRED1,AVPR1A,CLEC4D,MS4A14,CA4,PTGDR,SDPR,BTNL3,HNRNPH1,ADRB2,P2RY12,RNASE2,CXCL8,REPS2,TMED10,GPR27,PDGFD,FPR2,HOPX,RPL38,AHSA2,SULT1B1,HEG1,RNF213,NET1,TLR10,GK5,GOLGA8A,TMEM70,C15ORF54,ZDHHC21,YES1,B3GNT5,BASP1,CD163,NSUN7,HLA-DQB1,PRF1,TMEM45A,C5ORF24,LIMK2,MCEMP1,KLRC4,KREMEN1,TACSTD2,MYBL1,PTCH1,LRCH3,ZBTB6,FCAR,LILRA5,TLR5,C2ORF88,PEAR1,ARL4C,LOC400499,AKR1C3,SEMA4A,ZNF431,ANKRD36B,FUT11,ZNF441,PCBP2,SLC22A4,SERPINA1,DNM3,FCGR1B,SH2D1B,EIF1AY,F5,PRMT6,CR1,GGTA1P,KLRC3,THUMPD3-AS1,APOL6,LOC101927482,EPHA1-AS1,XIST,HOXB-AS1,NFE4,PLCXD2,A2M-AS1,CCDC71L,GVINP1,HCAR3,LOC374443,HP,MGAM,NORAD,TAF15,CCL5,CCL4,HIST1H2AE"
1,TRUE,0.027,16432,366,287,0.784,0.017,TF:M00291_0,tf,13,Factor: Freac-3; motif: NNNNNGTAAATAAACA; match class: 0,1,"ENPP4,TMEM176A,TFPI,PDK4,PHTF2,MGST1,TENM1,TRAF3IP3,KDM5D,ACPP,SLC11A1,SLAMF7,IKZF2,RAB27B,OFD1,SCML1,THRAP3,GUCY1B3,DDX3Y,ZFY,CLEC2D,RORA,TGFBR3,RHOBTB1,MRVI1,ALPK1,DHRS9,TBX21,TXK,ABCB1,TMED2,TMEM40,ZNF302,IRAK3,VNN3,NCF4,IL2RB,DDHD1,MMP9,TUBB1,CEP76,SMAD7,TSC22D1,WDR59,AQP9,NAMPT,CAV2,TMEM176B,FAM208B,KRT23,PIGL,MED13,PF4V1,BST1,FNBP4,MS4A6A,FOLR3,LIN7A,ACRBP,KLRB1,MAK,VNN1,ENPP5,SPARC,LMNB1,BCL6,HGD,TFDP2,USP9Y,KLHL24,MRPL19,GNLY,IL1R1,AKT3,PADI2,SSX2IP,GBP1,TNFSF4,B4GALT6,ARG1,MLH3,WDR11,CYSTM1,PLBD1,TRMT13,CALD1,PLA2G12A,PI3,SLPI,SERPINB6,GPR18,SGPP1,STEAP4,LRRC6,CDKN1C,RPS4Y1,TXLNGY,GSE1,DCAF8,KLRD1,SPX,DSC2,ANXA1,PRR5L,IGF2BP3,IL1RN,YME1L1,KIF13A,FGFBP2,FCHSD2,SYTL2,CREBZF,CASP5,THBS1,DUSP5,RPS24,MMRN1,PDE5A,ANXA3,KLRG1,MBNL2,WDR89,MCTP2,UQCRC2,VPS53,SMAD4,PRKACB,ATP1B1,XCL1,S100A8,MEIS1,TMEFF2,KANSL1L,GOLGA4,ROPN1L,GZMA,TRIM4,NFIB,CEP78,PROSER2,HERC4,TCF7L2,NCAM1,KLRF1,EPS8,ASAP2,TMEM45B,ACSL1,TMEM267,GLT1D1,RABGAP1L,MBNL1,DAB2,GDPD1,SH3RF1,GBP5,ADAMTS1,MAP3K7CL,TDRD9,FBXO32,NRG1,KCNJ15,ALAS2,CDA,GART,RGL4,PRMT2,PCSK7,IKZF3,ASGR2,TTC9C,ALPL,GBP4,DENND2D,PUS10,S100A9,S100A12,PYHIN1,PPM1L,WDFY3,CXCL5,S100P,GUCY1A3,CMBL,RHOBTB3,ERAP2,PAPD4,NFIL3,ALDH1A1,DACT1,ATP5C1,IFI27,SPRED1,AVPR1A,CLEC4D,MS4A7,MS4A14,DHRS13,PTGDR,SDPR,HNRNPH1,ADRB2,P2RY12,RNASE2,CXCL8,CLIC3,PDGFD,FPR2,EXOSC1,HOPX,RRM2,TEFM,MACROD2,RPL38,MFSD4B,SULT1B1,HEG1,NET1,TLR10,CHST2,GK5,GOLGA8A,TMEM70,C15ORF54,ZDHHC21,YES1,B3GNT5,BASP1,CD163,NSUN7,HLA-DQB1,PRF1,TMEM64,S1PR5,F2R,TMEM45A,LIMK2,ZNF320,MCEMP1,KLRC4,NOG,KREMEN1,TACSTD2,MYBL1,PTCH1,LRCH3,ZBTB6,FCAR,INSIG1,TLR5,C2ORF88,ARL4C,LOC400499,AKR1C3,SEMA4A,ZNF431,HLA-DQA1,ANKRD36B,FUT11,ZNF441,DTHD1,PCBP2,DNM3,FCGR1B,SH2D1B,EIF1AY,F5,MFAP3L,CR1,GGTA1P,HLA-F,KLRC3,APOL6,LOC101927482,EPHA1-AS1,PLCXD2,N4BP2L2,CCDC71L,GVINP1,LOC374443,HP,MGAM,NORAD,TAF15,CCL5,CCL4,HIST1H2AE"
1,TRUE,0.00513,8296,366,169,0.462,0.02,TF:M00729_0,tf,26,Factor: Cdx-2; motif: ANANTTTTATKRCC; match class: 0,1,"ENPP4,TMEM176A,TFPI,PDK4,TENM1,ALOX5,KDM5D,ACPP,SLAMF7,IKZF2,RAB27B,OFD1,SCML1,CCAR1,MYLK,ZFY,CLEC2D,TGFBR3,RHOBTB1,ALPK1,ABCB1,TMED2,GP6,PTPN4,TMEM40,VNN3,GGA1,NCF4,GZMB,SAMHD1,CEP76,WDR59,SIGLEC5,FAM208B,KRT23,PIGL,MED13,LIN7A,KLRB1,MAK,VNN1,ZBTB24,ENPP5,SPARC,TFDP2,CBLB,KLHL24,MRPL19,AKT3,SSX2IP,TNFSF4,ARG1,TJP2,WDR11,TSHZ3,PLBD1,TRMT13,CALD1,PI3,SLPI,NQO2,GPR18,SGPP1,STEAP4,LRRC6,CDKN1C,RPS4Y1,TXLNGY,DCAF8,KLRD1,SPX,ANXA1,DYSF,KIF13A,CASP5,DUSP5,RPS24,MMRN1,ANXA3,KLRG1,MCTP2,UQCRC2,SMAD4,PRKACB,XCL1,S100A8,KANSL1L,GOLGA4,GZMA,TRIM4,NFIB,TCF7L2,NCAM1,KLRF1,PRSS23,ZNF827,TMEM267,RABGAP1L,NMT2,DAB2,GBP5,NRG1,KCNJ15,GPBP1L1,IKZF3,TGFA,PYHIN1,CXCL5,GUCY1A3,NFIL3,ALDH1A1,DACT1,ATP5C1,IFI27,AVPR1A,CLEC4D,CA4,PTGDR,BTNL3,RNASE2,REPS2,PDGFD,FPR2,EXOSC1,HOPX,MACROD2,RPL38,MFSD4B,SULT1B1,RNF213,TLR10,CHST2,GK5,GOLGA8A,ZDHHC21,YES1,CD163,HLA-DQB1,ZNF320,KLRC4,NOG,SOCS3,LRCH3,FCAR,ARL4C,ZNF431,HLA-DQA1,ANKRD36B,ZNF441,DTHD1,SLC22A4,SERPINA1,F5,GGTA1P,KLRC3,KANSL1-AS1,APOL6,HOXB-AS1,GOLGA8N,ASPRV1,N4BP2L2,A2M-AS1,GVINP1,LOC374443,HP,MGAM,TAF15,CCL4,HIST1H2AE"
1,TRUE,0.0102,15006,366,269,0.735,0.018,TF:M00423_1,tf,2,Factor: FOXJ2; motif: AYMATAATATTTKN; match class: 1,1,"ENPP4,TFPI,RBM5,PDK4,PHTF2,MGST1,TENM1,ALOX5,KDM5D,ACPP,SLAMF7,IKZF2,RAB27B,OFD1,SCML1,MXD1,CCAR1,GUCY1B3,DGAT2,MYLK,DDX3Y,ZFY,CLEC2D,RORA,TGFBR3,RHOBTB1,ALPK1,DHRS9,TBX21,TXK,ABCB1,GP6,PTPN4,TMEM40,ANAPC5,LGALS2,NCF4,GZMB,DDHD1,SAMHD1,CEP76,WDR59,GSPT1,AQP9,SIGLEC5,NAMPT,CAV2,FAM208B,KRT23,MED13,PF4V1,FNBP4,MS4A6A,FOLR1,FOLR3,LIN7A,KLRB1,MAK,VNN1,ZBTB24,ENPP5,LMNB1,BCL6,HGD,TFDP2,USP9Y,CBLB,NKTR,MRPL19,GLS,GNLY,IL1R1,AKT3,PADI2,SSX2IP,GBP1,TNFSF4,ARG1,TJP2,MLH3,CYSTM1,PLBD1,TRMT13,CALD1,PLA2G12A,GPR18,SGPP1,STEAP4,LRRC6,RPS4Y1,TXLNGY,DCAF8,KLRD1,SPX,ANXA1,PRR5L,IGF2BP3,IL1RN,YME1L1,KIF13A,FGFBP2,FCHSD2,SYTL2,CREBZF,CASP5,THBS1,RPS24,MMRN1,ANXA3,KLRG1,MBNL2,WDR89,STON2,MCTP2,UQCRC2,VPS53,SMAD4,PRKACB,ATP1B1,XCL1,S100A8,TMEFF2,KANSL1L,ROPN1L,GZMA,TRIM4,NFIB,PROSER2,HERC4,ADM,NCAM1,KLRF1,PRSS23,EPS8,ASAP2,TMEM45B,TMEM267,GLT1D1,RABGAP1L,NMT2,MBNL1,DAB2,GDPD1,SH3RF1,GBP5,ADAMTS1,TDRD9,NRG1,KCNJ15,AUTS2,ALAS2,GART,GPBP1L1,PRMT2,PCSK7,IKZF3,TTC9C,GBP4,DENND2D,PUS10,S100A9,S100A12,TGFA,PYHIN1,PPM1L,WDFY3,CXCL5,GUCY1A3,CMBL,RHOBTB3,ERAP2,PAPD4,NFIL3,ALDH1A1,DACT1,ATP5C1,IFI27,SPRED1,AVPR1A,CLEC4D,MS4A7,MS4A14,DHRS13,SDPR,BTNL3,P2RY12,RNASE2,CXCL8,REPS2,TMED10,GPR27,PDGFD,HOPX,RRM2,MACROD2,RPL38,AHSA2,MFSD4B,SULT1B1,NET1,TLR10,CHST2,GK5,GOLGA8A,TMEM70,C15ORF54,SFN,ZDHHC21,YES1,BASP1,CD163,NSUN7,HLA-DQB1,PRF1,F2R,TMEM45A,C5ORF24,LIMK2,ZNF320,KLRC4,KREMEN1,TACSTD2,MYBL1,PTCH1,LRCH3,ZBTB6,FCAR,INSIG1,LILRA5,C2ORF88,AKR1C3,ZNF431,FUT11,ZNF441,DTHD1,PCBP2,SLC22A4,DNM3,FCGR1B,SH2D1B,EIF1AY,F5,PRMT6,MFAP3L,CR1,GGTA1P,KLRC3,THUMPD3-AS1,KANSL1-AS1,APOL6,LOC101927482,XIST,NFE4,PLCXD2,ASPRV1,N4BP2L2,A2M-AS1,RAB30-AS1,CCDC71L,GVINP1,HCAR3,LOC374443,HP,MGAM,NORAD,TAF15,CCL5,CCL4,HIST1H2AE"
1,TRUE,0.0236,15834,366,279,0.762,0.018,TF:M03548_0,tf,6,Factor: FOXL2; motif: TWAKACWAMTTT; match class: 0,1,"ENPP4,TMEM176A,TFPI,RBM5,PHTF2,MMP25,TENM1,STAB1,ALOX5,KDM5D,ACPP,SLAMF7,IKZF2,RAB27B,OFD1,THRAP3,MXD1,CCAR1,GUCY1B3,MYLK,DDX3Y,ZFY,CLEC2D,RORA,RHOBTB1,ALPK1,DHRS9,TXK,HSPB11,ABCB1,TMED2,PTPN4,ANAPC5,IRAK3,VNN3,GGA1,NCF4,IL2RB,GZMB,DDHD1,MMP9,TUBB1,SAMHD1,CEP76,SMAD7,TSC22D1,GSPT1,AQP9,EEF1D,NKG7,SIGLEC5,NAMPT,CAV2,KRT23,PIGL,MED13,PF4V1,MS4A6A,FOLR3,LIN7A,ACRBP,KLRB1,MAK,VNN1,ENPP5,SPARC,LMNB1,BCL6,HGD,TFDP2,USP9Y,CBLB,NKTR,MRPL19,GLS,GNLY,IL1R2,AKT3,PADI2,SSX2IP,GBP1,B4GALT6,ARG1,TJP2,MLH3,WDR11,TSHZ3,TRMT13,CALD1,PLA2G12A,PI3,SLPI,SERPINB6,NQO2,HIP1,STEAP4,IRF5,LRRC6,RPS4Y1,TXLNGY,DCAF8,NASP,KLRD1,SPX,DSC2,ANXA1,PRR5L,DYSF,IGF2BP3,IL1RN,YME1L1,KIF13A,FGFBP2,FCHSD2,SYTL2,CREBZF,CASP5,RPS24,MMRN1,PDE5A,ANXA3,KLRG1,MBNL2,WDR89,MCTP2,UQCRC2,SMAD4,RPS11,PRKACB,XCL1,S100A8,MEIS1,TMEFF2,KANSL1L,GOLGA4,ROPN1L,GZMA,TRIM4,NFIB,CEP78,HERC4,TCF7L2,KLRF1,PRSS23,EPS8,ZNF827,ASAP2,TMEM45B,TMEM267,GLT1D1,RABGAP1L,MBNL1,DAB2,MSI2,GDPD1,SH3RF1,GBP5,ADAMTS1,MAP3K7CL,TDRD9,FBXO32,NRG1,KCNJ15,AUTS2,CDA,GART,GPBP1L1,PCSK7,IKZF3,ASGR2,GBP4,DENND2D,S100A9,S100A12,TGFA,PYHIN1,PPM1L,WDFY3,CXCL5,GUCY1A3,CMBL,RHOBTB3,ERAP2,PAPD4,ALDH1A1,DACT1,ATP5C1,IFI27,CLEC4D,MS4A7,MS4A14,DHRS13,PTGDR,SDPR,BTNL3,HNRNPH1,ADRB2,P2RY12,RNASE2,CXCL8,REPS2,TMED10,PFKFB3,GPR27,PDGFD,FPR2,LRG1,HOPX,RRM2,TEFM,MACROD2,RPL38,AHSA2,MFSD4B,SULT1B1,HEG1,NET1,TLR10,GK5,TMEM70,C15ORF54,SFN,ZDHHC21,YES1,B3GNT5,BASP1,CD163,NSUN7,HLA-DQB1,F2R,TMEM45A,C5ORF24,LIMK2,ZNF320,MCEMP1,TACSTD2,MYBL1,PTCH1,ZBTB6,FCAR,INSIG1,C2ORF88,PEAR1,ARL4C,LOC400499,AKR1C3,ZNF431,HLA-DQA1,ANKRD36B,ZNF441,DTHD1,PCBP2,SLC22A4,FCGR1B,EIF1AY,F5,PRMT6,CR1,GGTA1P,ADGRG1,KLRC3,THUMPD3-AS1,KANSL1-AS1,APOL6,LOC101927482,XIST,HOXB-AS1,NFE4,GOLGA8N,PLCXD2,N4BP2L2,RAB30-AS1,GVINP1,HCAR3,LOC374443,HP,NORAD,CCL5,HIST1H2AE"
1,TRUE,0.0357,17655,366,303,0.828,0.017,TF:M04328_0,tf,27,Factor: GSX2; motif: NNYMATTANN; match class: 0,1,"ENPP4,TMEM176A,TFPI,PDK4,PHTF2,MGST1,TENM1,TRAF3IP3,ALOX5,KDM5D,ACPP,SLAMF7,IKZF2,RAB27B,OFD1,SCML1,THRAP3,MXD1,CCAR1,GUCY1B3,DGAT2,MYLK,DDX3Y,ZFY,CLEC2D,RORA,TGFBR3,RHOBTB1,MRVI1,ALPK1,DHRS9,TXK,HSPB11,ABCB1,TMED2,GP6,PTPN4,TMEM40,ANAPC5,ZNF302,IRAK3,VNN3,LGALS2,GGA1,GZMB,MMP9,TUBB1,SAMHD1,CEP76,SMAD7,WDR59,GSPT1,AQP9,SIGLEC5,NAMPT,CAV2,TMEM176B,FAM208B,KRT23,PIGL,MED13,MMD,BST1,FNBP4,MS4A6A,FOLR1,LIN7A,KLRB1,MAK,VNN1,ZBTB24,ENPP5,SPARC,LMNB1,BCL6,HGD,TFDP2,USP9Y,CBLB,NKTR,MRPL19,GLS,IL1R2,IL1R1,AKT3,PADI2,SSX2IP,GBP1,TNFSF4,B4GALT6,ARG1,TJP2,MLH3,WDR11,CYSTM1,TSHZ3,PLBD1,CALD1,PLA2G12A,PI3,SLPI,SERPINB6,GPR18,SGPP1,STEAP4,LRRC6,CDKN1C,TXLNGY,GSE1,DCAF8,NASP,KLRD1,SPX,DSC2,ANXA1,PRR5L,DYSF,IGF2BP3,IL1RN,YME1L1,FLOT1,FGFBP2,FCHSD2,SYTL2,CREBZF,CASP5,THBS1,RPS24,MMRN1,PDE5A,ANXA3,KLRG1,MBNL2,WDR89,STON2,MCTP2,UQCRC2,VPS53,SMAD4,RPS11,PRKACB,ATP1B1,XCL1,S100A8,MEIS1,TMEFF2,KANSL1L,GOLGA4,ROPN1L,GZMA,TRIM4,NFIB,CEP78,PROSER2,HERC4,TCF7L2,ADM,NCAM1,KLRF1,PRSS23,EPS8,ZNF827,ASAP2,TMEM45B,ACSL1,TMEM267,GLT1D1,NMT2,MBNL1,DAB2,MSI2,SH3RF1,MAP3K7CL,TDRD9,FBXO32,NRG1,KCNJ15,AUTS2,ALAS2,CDA,GART,PRMT2,IKZF3,ASGR2,TTC9C,GBP4,DENND2D,PUS10,TGFA,PYHIN1,PPM1L,WDFY3,CXCL5,GUCY1A3,CMBL,RHOBTB3,ERAP2,PAPD4,NFIL3,ALDH1A1,DACT1,IFI27,SPRED1,AVPR1A,CLEC4D,MS4A7,MS4A14,CA4,PTGDR,SDPR,BTNL3,HNRNPH1,ADRB2,P2RY12,RNASE2,CXCL8,TMED10,GPR27,PDGFD,FPR2,LRG1,HOPX,RRM2,TEFM,MACROD2,RPL38,MFSD4B,SULT1B1,HEG1,RNF213,NET1,TLR10,CHST2,GK5,GOLGA8A,TMEM70,C15ORF54,SFN,ZDHHC21,YES1,BASP1,CD163,NSUN7,HLA-DQB1,TMEM64,F2R,TMEM45A,ZNF320,KLRC4,NOG,KREMEN1,TACSTD2,MYBL1,PTCH1,LRCH3,ZBTB6,FCAR,INSIG1,TLR5,C2ORF88,PEAR1,ARL4C,ZNF431,HLA-DQA1,ANKRD36B,FUT11,ZNF441,DTHD1,PCBP2,SLC22A4,DNM3,FCGR1B,SH2D1B,EIF1AY,F5,PRMT6,MFAP3L,CR1,HLA-F,ADGRG1,KLRC3,THUMPD3-AS1,KANSL1-AS1,LOC101927482,EPHA1-AS1,XIST,HOXB-AS1,NFE4,GOLGA8N,PLCXD2,ASPRV1,N4BP2L2,A2M-AS1,RAB30-AS1,CCDC71L,GVINP1,HCAR3,LOC374443,HP,TAF15,CCL5,CCL4,HIST1H2AE"
